:020000040800F2
:10000000F8600020310300082B280008511F000869
:1000100029280008890D0008BD4D000800000000D7
:10002000000000000000000000000000790200084D
:10003000E112000800000000CD0200086939000844
:100040004B0300084B0300084B0300084B03000858
:100050004B0300084B0300084B0300084B03000848
:100060004B0300084B0300084B0300084B03000838
:100070004B0300084B0300084B0300084B03000828
:100080004B0300084B0300084B0300084B03000818
:10009000590F00084B0300084B0300084B030008EE
:1000A0004B0300084B0300084B0300084B030008F8
:1000B0004D3D00085D3D0008713D00084B03000800
:1000C0004B0300084B0300084B0300084B030008D8
:1000D0004B030008F5470008194900084D4B00087C
:1000E0004B0300084B0300084B030008993D000830
:1000F0004D4100084B030008AD3D00084B030008CC
:100100004B0300084B030008853D00084B03000823
:100110004B030008FD4600084B0300084B03000892
:100120004B0300084B0300084B0300084B03000877
:100130004B0300084B0300084B0300084B03000867
:100140004B0300084B0300084B0300084B03000857
:100150004B0300084B0300084B0300084B03000847
:100160004B0300084B0300084B0300084B03000837
:100170004B0300084B0300084B0300084B03000827
:100180004B0300084B03000800F002F800F064F88D
:100190000AA090E8000C82448344AAF10107DA45E2
:1001A00001D100F059F8AFF2090EBAE80F0013F0D0
:1001B000010F18BFFB1A43F0010318474CBC0000A5
:1001C0006CBC00000A444FF0000C10F8013B13F027
:1001D000070408BF10F8014B1D1108BF10F8015BA0
:1001E000641E05D010F8016B641E01F8016BF9D193
:1001F00013F0080F1EBF10F8014BAD1C0C1B09D1EA
:100200006D1E58BF01F801CBFAD505E014F8016B5B
:1002100001F8016B6D1EF9D59142D6D370470000ED
:100220000023002400250026103A28BF78C1FBD8FF
:10023000520728BF30C148BF0B607047642900F0E7
:100240000381732900F03E82002070471FB50AF039
:10025000DEF91FBD10B510BD00F0B0FA1146FFF772
:10026000F5FF06F02FFD00F0CEFA03B4FFF7F2FF22
:1002700003BC06F0EDFA00002A4B19680868B0E8E4
:10028000F04F80F30988BFF36F8F4FF0000080F3C9
:10029000118870470000000006480068006880F37D
:1002A000088862B661B6BFF34F8FBFF36F8F00DF70
:1002B00000BF00BF08ED00E0DFF80C00016841F46A
:1002C00070010160704700BF88ED00E0EFF3098026
:1002D000BFF36F8F134B1A681EF0100F08BF20ED8D
:1002E000108A20E9F04F106008B44FF0500080F3FE
:1002F0001188BFF34F8FBFF36F8F08F009FD4FF0E8
:10030000000080F3118808BC19680868B0E8F04F55
:100310001EF0100F08BFB0EC108A80F30988BFF3FD
:100320006F8F7047D0000020EFF30580704700000A
:100330000948804709480047FEE7FEE7FEE7FEE779
:10034000FEE7FEE7FEE7FEE7FEE7FEE704480549B5
:10035000054A064B704700007D39000889010008F6
:10036000F85A0020F8600020F85C0020F85C0020BB
:10037000704700000FB4044910B503AA029800F0BA
:10038000A5F910BC5DF814FBBC0000202DE9F0417C
:100390000E460446002020622046E168884730B3BC
:1003A000252805D0D4E901219047206A401CF2E7B6
:1003B000E168204600278847050018D0A5F14100D4
:1003C000192802D820354FF40067324629462046C6
:1003D0002760FFF733FF40B1012804D0F61D26F057
:1003E00007060836D8E7361DD6E72846DAE7206A3A
:1003F000BDE8F08170B50C460546012A05D0287885
:10040000800600D5EA69002302E0012305E05B1CB9
:10041000934202D2E05C0028F9D1A869E618C01A1C
:10042000A861286A184428622846AFF3008004E0D7
:10043000D5E9012114F8010B9047B442F8D32846BE
:10044000AFF3008070BD00002DE9F04106460024A6
:1004500010687529314616A510D0AFF3008000282A
:1004600002DA404213A507E031688A0701D512A5D8
:1004700002E0490704D511A5012401E0AFF3008093
:1004800000210A2206F1240709E0B0FBF2FCB0FBD0
:10049000F2F302FB1C00303078541846491C002847
:1004A000F3D123462A463046BDE8F04100F086B835
:1004B000000000002D0000002B00000020000000C4
:1004C000032A40F2308010F0030C00F0158011F880
:1004D000013BBCF1020F624498BF11F801CB00F858
:1004E000013B38BF11F8013BA2F1040298BF00F8AC
:1004F00001CB38BF00F8013B11F0030300F0F88096
:10050000083AC0F0088051F8043B083A51F804CB8F
:10051000A0E80810F5E7121D5CBF51F8043B40F855
:10052000043BAFF30080D20724BF11F8013B11F860
:1005300001CB48BF11F8012B24BF00F8013B00F8A4
:1005400001CB48BF00F8012B704702F0FF0343EADC
:10055000032242EA024200F002B84FF000020429EE
:10056000C0F0128010F0030C00F0F680CCF1040C07
:10057000BCF1020F18BF00F8012BA8BF20F8022B16
:10058000A1EB0C0100F0E8B85FEAC17C24BF00F8E1
:10059000012B00F8012B48BF00F8012B7047704772
:1005A00070477047704710B500F0FCF8006810BD48
:1005B00010B5044600F0F6F8046010BD2DE9F047D0
:1005C0000D4699469246044600F1240801688806C3
:1005D00004D5E06921F01001216000E00120A8426B
:1005E00001DD471B00E00027A1697A1902EB090031
:1005F000081AA0612078C00602D42046AFF300801C
:10060000002608E0D4E901211AF806009047206A84
:10061000401C761C20624E45F4DB2078C0060AD5CB
:100620002046AFF3008006E0D4E901213020904756
:10063000206A401C2062381EA7F10107F4DC07E0A5
:10064000D4E9012118F805009047206A401C206277
:10065000281EA5F10105F3DC2046AFF300802078C9
:10066000000602D50220BDE8F0870120FBE700006C
:1006700001694A1C02610878704700B58FB0CDE966
:1006800001310021059105497944CDE90310114656
:100690006846FFF77BFE0FB000BD0000E5FFFFFFDF
:1006A00010B5436913B1AFF3008001E0FFF7A2FE7C
:1006B000012010BD127800F124010A7000224A7056
:1006C0000122EDE711684FF0FF32E9E7074B70B503
:1006D0000D467B44FFF7D1FF0446284600F066F83C
:1006E00010B14FF0FF3070BD204670BD9B6500001B
:1006F00010B5203AC0F00B80B1E81850203AA0E8BD
:100700001850B1E81850A0E81850BFF4F5AF5FEAF0
:10071000027C24BFB1E81850A0E8185044BF18C9A3
:1007200018C0BDE810405FEA827C24BF51F8043B4A
:1007300040F8043B08BF7047D20728BF31F8023B9E
:1007400048BF11F8012B28BF20F8023B48BF00F832
:10075000012B70474FF0000200B5134694469646B1
:10076000203922BFA0E80C50A0E80C50B1F12001C4
:10077000BFF4F7AF090728BFA0E80C5048BF0CC072
:100780005DF804EB890028BF40F8042B08BF7047D0
:1007900048BF20F8022B11F0804F18BF00F8012B42
:1007A0007047000000487047985A0020007B00F016
:1007B0008000704700487047985A00207546FFF740
:1007C000F9FFAE4605006946534620F0070085460E
:1007D00018B020B5FFF7BAFDBDE820404FF0000685
:1007E0004FF000074FF000084FF0000B21F0070119
:1007F000AC46ACE8C009ACE8C009ACE8C009ACE85C
:10080000C0098D46704710B50446AFF300802046FE
:10081000BDE81040FFF729BD0029816802D041F0F2
:10082000010101E021F0010181607047084B10B522
:10083000D3F8042307490A40D0E900142143D0E942
:100840000240044321431143C3F8041310BD0000C8
:1008500000200140E030FCFFC06C80B270470246CF
:10086000002012680A4200D00120704730B542686B
:100870000F4B0C791A400B6842EA04221343436081
:1008800082680C4B4D791A40D1E9034323438C68AD
:1008900044EA4504234313438360C26A097D22F47A
:1008A0007002491EC9B242EA0151C16230BD000066
:1008B000FFFEFFFCFDF7FFC070B5072609290AD926
:1008C000C568A1F10A0404EB4404A640B543A34063
:1008D0001D43C56007E0056901EB4104A640B5432F
:1008E000A3401D4305611F23072A09D2446B521EF2
:1008F00002EB820293409C4391400C43446370BDE1
:100900000D2A09D2046BD21F02EB820293409C4352
:1009100091400C43046370BDC46A0D3A02EB82023D
:1009200093409C4391400C43C46270BD816841F088
:10093000804181607047000038B535489FED351A19
:100940009FED350AD0ED000A10EE810AF3EE0B0A96
:1009500080EE201ABDEEC10A10EE103A642B00DDC5
:1009600064232E48DFED2E0A90ED000A20EE200AC7
:10097000BDEEC00A10EE100A002800DA40422949F4
:1009800091ED000A20EE200ABDEEC00A10EE101A0A
:10099000002900DA4942244C2278A2B100222270B8
:1009A000224C2578012D10D0214DB5F904403AB3E1
:1009B000B5F90220B5F9001001B02346BDE830407A
:1009C0001CA0FFF7D7BC0122E9E71E4890ED000A02
:1009D0001D48BDEEC00A10EE103A90ED000A1B480B
:1009E000BDEEC00A10EE102A90ED000A18A0BDEE70
:1009F000C00A10EE101AFFF7BDFC0020207038BDB1
:100A0000CAB2C1B216A00094FFF7B4FC38BD000012
:100A10001800002000007A4400401C46205A0020A4
:100A20000000C842345A0020EC010020950100204B
:100A3000080200207B4225643A25643A25647D241F
:100A400000000000500100204C010020480100205F
:100A50007B4325643A25643A25647D240000000028
:100A60007B4125643A25643A25643A25647D240057
:100A700030B58DB00121022002F0B0FB01210D0242
:100A8000284602F0C3FB032002218DF82C000A91B6
:100A900000248DF82F400AA9134801F01FF8012106
:100AA000284602F0BFFB0021284602F0BBFB06945B
:100AB00068020994CDE9070406A8FFF7B7FE8DF890
:100AC000044000948DF80540029404940120074CE2
:100AD0008DF8140069462046FFF7C8FE0121204624
:100AE000FFF79AFE0DB030BD000402400020014027
:100AF00070B58CB00121022002F070FB01214E0282
:100B0000304602F083FB03208DF82C0001250024E1
:100B10000A958DF82F400AA9134800F0DFFF012144
:100B2000304602F07FFB0021304602F07BFB06944A
:100B300068040994CDE9070406A8FFF777FE8DF84D
:100B4000044000948DF8054002940494074C8DF8FD
:100B5000145069462046FFF789FE01212046FFF721
:100B60005BFE0CB070BD000000040240002101409B
:100B70001CB506F089F8DFF8D0A1DFF8D0B1744CCD
:100B8000744D754EDFF8D48140F6B83900270190D6
:100B90000A2101A807F0EAFEDAF80400484502DA63
:100BA000401CCAF8040001F0FBF8DBF80000002844
:100BB000EED16B48007810B101F00EF816E06948EC
:100BC000007810B102F0B0FB10E06748007810B177
:100BD00002F030FA0AE0654890ED001A6448D0ED62
:100BE000000A644890ED000A00F07CFB01F05CFC18
:100BF000614890ED000ABDEEC00A10EE100A03F045
:100C000055FD28B15D4B00975A420021084651E03E
:100C1000D4ED020A94ED000A01F038FB00EE100A50
:100C2000B8EEC00A84ED010AD5ED020A95ED000A7E
:100C300001F06AFB00EE100AB8EEC00A85ED010A69
:100C4000D6ED020A96ED000A01F09CFB00EE100AB8
:100C50004346B8EEC00A86ED010AD8ED020A98EDC7
:100C6000000A01F0CDFB00EE100A44F23C10B8EE91
:100C7000C00A83ED010A01F053FC414800780628C0
:100C800086D2DFE800F0031A34460346009793ED5E
:100C9000010ABDEEC00A10EE103A96ED010AB1EE5F
:100CA000400ABDEEC00A10EE102A95ED010AB1EE21
:100CB000400A3DE002F072FD6AE7009793ED010AF9
:100CC000BDEEC00A10EE103A96ED010AB1EE400AF0
:100CD000BDEEC00A10EE102A95ED010ABDEEC00A65
:100CE00010EE101A94ED010AB1EE400A26E02548F4
:100CF000224B0068009095ED010A5A42BDEEC00AF1
:100D000010EE101A94ED010ABDEEC00A10EE100AA2
:100D1000D0E7009793ED010ABDEEC00A10EE103A3D
:100D200096ED010ABDEEC00A10EE102A95ED010AFB
:100D3000BDEEC00A10EE101A94ED010ABDEEC00A15
:100D400010EE100AB6E70000AC0100205C010020A4
:100D5000205A0020345A0020485A00205C5A0020B3
:100D60005501002056010020540100207801002088
:100D700074010020700100201800002061BEFFFFF8
:100D8000450100206C010020FEE700001CB5012198
:100D9000084602F023FA4FF48070009001208DF88D
:100DA000040000218DF8061003218DF805108DF840
:100DB00007006946014800F091FE1CBD000002409A
:100DC0002DE9FE4F0024D8B3D1B3CAB3C3B3401E3C
:100DD000491EC7B2CEB2521E5B1E02F0FF099DB281
:100DE0000121082002F0FAF90121480602F002FA76
:100DF00002218DF804104FF0030B4FF000088DF81E
:100E000006808DF805B04FF0010ACDF800B08DF8DE
:100E100007A069464D4800F061FE092200214B48B9
:100E200000F098FE09220121484800F093FE48484E
:100E3000C0F80080016841F001010160021D09E075
:100E4000FFE70120BDE8FE8F641CA4B2642C01D929
:100E50000220F7E71168C907F6D03D480168016034
:100E60000168016001680160016841F010010160E2
:100E70000168016001680160354943461C31C1F8D1
:100E80000080D1F80080DDF830C048EA8C7CC1F8E1
:100E900000C0D1F800C04CEA07670F600F6847EA4E
:100EA00006560E600F6847EA09460E600E682E432C
:100EB0000E60016821F0010101604FF6F07005E05D
:100EC000641CA4B2844201D90320BBE71168C9079E
:100ED000F6D12048016841F0010101601D491C3133
:100EE0000A6822F001020A601A4A0C32146844F0BF
:100EF00001041460021D14681460164A1432146848
:100F00001460144A40321360121D13600A6842F0E4
:100F100001020A60016803600D481430016841F065
:100F20000201016014208DF808008DF809A08DF8E9
:100F30000AB08DF80BA002A801F078FC0122022172
:100F4000034800F07DF900207CE70000000C02401F
:100F5000006400400066004010B588B002A907A8F0
:100F6000CDE9000106AB05AA04A9002000F070F845
:100F70000498A0F5807181394BD1294901209FED5A
:100F80002F1A087027490020304C08702649087035
:100F900026490870264908702649087026490870B5
:100FA0009DF809009DF8081000EB012000B200EE4A
:100FB000100A2348F8EEC00A80EE810A80ED000A8C
:100FC0009DF80B009DF80A1000EB012000B200EE26
:100FD000900A1C48F8EEE00AC0EE811AC0ED001A33
:100FE0009DF80D009DF80C1000EB012000B200EE02
:100FF000900A1549F8EEE01A09780229C1EE810A33
:1010000009D000EE100AB8EEC00AC0EE010AC4ED25
:10101000000A08B010BD03F0D3FE84ED000AF8E723
:1010200057010020540100205601002055010020E6
:101030009001002091010020E801002000007A4486
:10104000700100207401002045010020780100207B
:10105000F0B5224CDDE9057504EB0014D4F8B06559
:1010600016F004061670D4F8B02532D0D2080A6003
:10107000D4F8B01501F002011970D4F8B41501F0DC
:101080000F013970D4F8B8152970D4F8B815090AC9
:101090006970D4F8B815090CA970D4F8B815090E00
:1010A000E970D4F8BC152971D4F8BC15090A697126
:1010B000D4F8BC15090CA971D4F8BC15090EE97156
:1010C00048B1012804D10648016841F020010160BF
:1010D000F0BD520DCBE70248001FF5E7006000406D
:1010E0001064004038B500240091082322462146B0
:1010F00000F014F8054640F6FF7301E0641CA4B24A
:10110000284600F06BF8072801D09C42F6D39C4299
:1011100001D3012038BD002038BD0000F0B50646DF
:101120002C48059D0468640101D5002008E004688E
:10113000240101D5012003E00068C00046D502204B
:10114000254C002704EB0014C4F88075E9B3F600C1
:10115000D4F880753743C4F88075D4F8806546EAC2
:101160008101C4F88015D4F8801541EA4201C4F821
:101170008015D4F8842503F00F0122F00F02C4F883
:101180008425D4F884250A43C4F884252979EA798A
:101190006B7941EA0261AA79120442EA03221143FF
:1011A000C4F88C152978EA786B7841EA0261AA784C
:1011B000120442EA03221143C4F88815D4F88015BA
:1011C00041F00101C4F88015F0BD01E0FF20FBE70C
:1011D0007605BDE70864004000600040174928B16B
:1011E000012810D002281BD00520704708680A6823
:1011F00000F0010002F002020243086800F0806083
:1012000042EA1060704708680A6800F0010002F0C6
:1012100002020243086800F0006042EA5060704732
:1012200008680A6800F0010002F002020243086840
:1012300000F0805042EA906070470000086400406F
:10124000002A426901D00A4300E08A4342617047A4
:101250007CB5144C00206D46215C2954401CC0B262
:101260000828F9D3294640F20110FFF73BFF002080
:101270002118097A2954401CC0B20828F8D36946BD
:101280004FF48170FFF72EFF00202118097C2954AC
:10129000401CC0B20828F8D3694640F20310FFF79B
:1012A00021FF7CBD7606002030B5034600200129D1
:1012B00008D10022094C03E0A55C6840521CD2B260
:1012C0009A42F9D3002908D1044A323203E0545C2F
:1012D0006040491CC9B29942F9D330BD760600205E
:1012E000704700002DE9F0472DED0E8BF0EE418A9E
:1012F000B0EE408AB0EE0CEAFD4BDFF8F883FE4E0C
:101300001878FE4FB8EE0CCA9FEDFDDBDFEDFECA8C
:10131000FE4AFF4DFF4CB6EE00AA08B1012810D1DD
:10132000B0EE681AB0EE480A02F072FAFA4890ED90
:10133000008A90ED019AD0ED028A187868B30128EE
:1013400052D0C0B202287CD0032803D0042879D020
:10135000052878D192ED000AB0EE4E1A68EE800AA8
:10136000B0EE480A00EECA0A00EE8A8AF0EE4C0A95
:1013700085ED020A84ED028A06F095FF85ED020AEA
:1013800094ED020AB0EE4E1AF0EE4C0A06F08BFF16
:1013900084ED020AC6ED02CAB8E098ED000A92EDAB
:1013A000001A79EE080A30EE010A38EE491AF0EE1A
:1013B000601A48EEC00A48EE801AC5ED020AB0EE87
:1013C000602AF0EE410A08EE801A48EEC00AB0EE3C
:1013D000420AC4ED020AC6ED021A87ED021AB0EE07
:1013E0004E1AF0EE4C0A76E1DFF83083F0EE490A4F
:1013F00098ED000A40EE280A20EE280A10EE100AA6
:10140000C5ED020A09F092F869EE0AEA41EC1B0BFD
:101410001EEE900A09F08AF841EC1A0B18EE100A39
:1014200009F084F841EC190BB0EE4D0AF0EE6D0AAC
:1014300004F0F2FC9FEDBA1B51EC100B53EC112B96
:1014400002E069E02DE163E008F07AFD53EC192B2E
:1014500008F076FD53EC1A2B08F07EFF53EC1B2BA3
:1014600008F0C4FA08F090FAA06098ED000A20EEA7
:10147000280A10EE100A09F059F841EC190B1EEE7B
:10148000900A09F053F841EC1A0B18EE100A09F013
:101490004DF841EC180BB0EE4D0AF0EE6D0A04F079
:1014A000BBFC9FEDA11B51EC100B53EC112B08F072
:1014B00047FD53EC182B08F043FD53EC1A2B08F0B2
:1014C0004BFF53EC192B08F091FA08F05DFAB0606D
:1014D00095ED020AB0EE4E1AF0EE4C0A06F0E3FE6D
:1014E00085ED020A94ED020AB0EE4E1AF0EE4C0AB7
:1014F00006F0D9FE84ED020A96ED020AB0EE4E1A0D
:10150000F0EE4C0A06F0CFFE86ED020AC7ED02CAE5
:10151000BDEC0E8BBDE8F087DFED85AA92ED000AE9
:10152000914620EE0A0A10EE100A08F0FFFF41EC87
:10153000190B18EE900A08F0F9FF41EC100B04F0BB
:10154000ABFCB0EE40BAF0EE60BAD8F8000008F09C
:10155000EDFF53EC1B2B08F005FB53EC192B08F0A7
:10156000FBFE08F011FA02EE100A9FED721ADFED91
:10157000720AB0EE680A06F096FEB5EEC00AF0EE0A
:10158000408AF1EE10FA16D099ED000AF0EE420A08
:1015900040EE4A0A60EE880A80EE821AF0EE420AB5
:1015A00040EE0A0A20EE880AC0EE020A85ED021A11
:1015B000C4ED020A03E085ED028A84ED028A9FED04
:1015C0005F0A28EE800A10EE100A08F0AFFF41EC27
:1015D0001B0B18EE900A08F0A9FF41EC100B9FEDD1
:1015E000581B03F0F1FD9FED581B51EC100B53EC11
:1015F000112B08F0A5FC41EC190B18EE900A08F02D
:1016000095FF41EC100BB0EE4D1AF0EE6D1A03F0A1
:10161000DBFD9FED4F1B51EC100B53EC112B08F031
:101620008FFC53EC192B08F0E1F953EC1B2B08F05D
:1016300093FE9FED491B53EC112B08F0D7F908F0EE
:10164000A3F900EE100ADFED460A70EE600A9FED86
:10165000450A454BB0EE4E1A00EEAA0AF0EE4C0ACF
:10166000BDEEC00A83ED000A95ED020A06F01BFEEE
:1016700085ED020A94ED020AB0EE4E1AF0EE4C0A25
:1016800006F011FE84ED020AC6ED02CAC7ED02CAD9
:1016900040F698024FF44871186806F014FE18607E
:1016A00036E792ED000AD8ED000AB0EE4E1A30EEA1
:1016B000200A60EE280AB0EE480A00EECA0A00EEE0
:1016C0008A8AF0EE4C0A85ED020A84ED020A86ED64
:1016D000028A87ED028A06F0E6FD85ED020A94EDA6
:1016E000020AB0EE4E1AF0EE4C0A06F0DCFD3DE0C8
:1016F0004501002088010020485A00205C5A002043
:1017000000000000000008400000000084010020EC
:10171000205A0020345A0020145A00208C01002046
:10172000000000000000E0BF000000000000E03FFB
:10173000D7231F440AD7A33E48E1FABEE5D0E23FD3
:10174000000000000000004000000000D34DF43F06
:10175000000000809318E4BF00000000022BF93F56
:101760004C37C93F0080BB446C01002084ED020A65
:1017700096ED020AB0EE4E1AF0EE4C0A06F093FD1A
:1017800086ED020A97ED020AB0EE4E1AF0EE4C0A10
:1017900006F089FD87ED020ABAE600001CB50121BA
:1017A000082001F01BFD0820009000208DF80400A7
:1017B00003208DF8050001208DF8070069460248D6
:1017C00000F08CF91CBD0000000C0240F0B50121B6
:1017D00089B0084601F00EFD0121032001F0FEFC56
:1017E00003258DF8055002264FF400408DF8046063
:1017F00001242B4F00908DF806408DF80740694674
:10180000384600F06BF98DF805508DF804608DF8BE
:1018100006408DF807400820224C0090694620467B
:1018200000F05CF901220F21384600F093F9012203
:101830000321204600F08EF902A802F02DFF0024BB
:101840004FF6FF70ADF8084003907507ADF81040F3
:10185000ADF80A4002A9284602F0E0FE00231A462D
:101860000321284602F0FBFC05A802F07BFDADF841
:101870001C4005A9284602F01FFD0121284602F060
:10188000D3FC01221146284602F074FD00212846AF
:1018900002F09AFE0121284602F0CCFC09B0F0BD0E
:1018A000000002400004024030B589B0012102204E
:1018B00001F0A0FC0121022001F090FC30200390F7
:1018C00003208DF8110002208DF8100001208DF802
:1018D0001200224C8DF8130003A9204600F0FEF8F8
:1018E00002220421204600F035F90222052120467B
:1018F00000F030F9684602F0CFFE00244FF6FF708A
:10190000174DADF800400190ADF80840ADF8024029
:101910006946284602F082FE00231A460321284623
:1019200002F09DFC05A802F01DFDADF81C4005A9C4
:10193000284602F0C1FC0121284602F075FC012274
:101940001146284602F016FD0021284602F03CFE12
:101950000121284602F06EFC09B030BD00040240AF
:101960000004004030B589B00121042001F042FCA0
:101970000121022001F032FCC020039003208DF8E9
:10198000110002208DF8100001208DF81200224C69
:101990008DF8130003A9204600F0A0F802220621CA
:1019A000204600F0D7F802220721204600F0D2F8A6
:1019B000684602F071FE00244FF6FF70174DADF837
:1019C00000400190ADF80840ADF802406946284655
:1019D00002F024FE00231A460321284602F03FFCB1
:1019E00005A802F0BFFCADF81C4005A9284602F08E
:1019F00063FC0121284602F017FC0122114628460B
:101A000002F0B8FC0021284602F0DEFD0121284644
:101A100002F010FC09B030BD000402400008004094
:101A200030B589B00121082001F0E4FB012108460E
:101A300001F0D4FB274C02220021204600F08AF856
:101A400002220121204600F085F802218DF81110B4
:101A50008DF81010012103208DF8121003908DF8DD
:101A6000131003A9204600F039F8684602F014FE6E
:101A700000244FF6FF70184DADF800400190ADF80E
:101A80000840ADF802406946284602F0C7FD002331
:101A90001A460321284602F0E2FB05A802F062FC88
:101AA000ADF81C4005A9284602F006FC0121284695
:101AB00002F0BAFB01221146284602F05BFC00212D
:101AC000284602F081FD0121284602F0B3FB09B04F
:101AD00030BD000000000240000C0040F0B50022C4
:101AE00001274FF0030C0B6807FA02F52B40AB42BD
:101AF0002CD1066853000CFA03F4A64306600E7955
:101B0000D0F800E09E4046EA0E0606600E79012EEF
:101B100001D0022E12D18668A64386604E79D0F895
:101B200008E09E4046EA0E0686604668AE43466080
:101B300045688E799640B6B235434560C568A54381
:101B4000C560CC799C40C3681C43C460521C102AF9
:101B5000C9D3F0BD4B07DB0E9A40C90810B500EBA6
:101B60008100016A0F249C40A1430162016A114374
:101B7000016210BD0183704710B50A4C014607236E
:101B800001222046FEF798FE2046FEF7CFFE0221F6
:101B90002046FEF764FE0028F9D02046BDE810403C
:101BA000FEF75ABE0020014010B50A4C014607233B
:101BB00001222046FEF780FE2046FEF7B7FE0221F6
:101BC0002046FEF74CFE0028F9D02046BDE8104024
:101BD000FEF742BE00210140F0B464486449027837
:101BE00064480E780578644804789FED641A644B65
:101BF000DFED642ADFED641A644F9FED652A6548C6
:101C000097ED000A6449F1EE400A52B1012A08D06A
:101C1000092C66D2DFE804F0654346494E51565917
:101C20006200092C24D2DFE804F02305080B10130E
:101C3000181B200080ED000A0CE080ED000A01E096
:101C400080ED001AC3ED000A53E0C0ED000AF9E789
:101C5000C0ED000A83ED001A4BE0C0ED000A01E080
:101C600080ED001A83ED000A43E080ED000AF9E7F9
:101C700080ED001A83ED001A012E04D0012D07D04B
:101C800081ED001A35E0C0EE220A60EE820A03E020
:101C9000C0EE220A60EEA10AC1ED000A29E080ED43
:101CA000000A0CE080ED000A01E080ED001AC1EDB1
:101CB000001A0EE0C0ED000AF9E7C0ED000A81ED60
:101CC000001A06E0C0ED000A01E080ED001A81ED87
:101CD000002A012E08D0012D09D00AE080ED000A6B
:101CE000F5E780ED001AEAE781ED002A01E0C1ED99
:101CF000001A022A06D0032A11D0052A0FD0042A7E
:101D00000DD01FE091ED000AF0EE000A20EE200A4F
:101D1000F2EE020A80EE201A81ED001A12E0D0EDF8
:101D2000000AF5EEC00AF1EE10FAD1ED000A03D276
:101D3000F1EE600AC1ED000A20EE800AC0EE220A30
:101D4000C1ED000AD0ED000A9FED141A80EE810A61
:101D500080ED000AD3ED001AC1EE810AC3ED000A3E
:101D600091ED001AF0BCFFF7BDBA0000450100205C
:101D70009201002093010020580100200000000083
:101D8000740100200000FA43DB0FC9BF48010020A6
:101D9000DB0FC93F700100207801002000007A4469
:101DA00010B502202DED048B01F09EFA394C206015
:101DB000032001F099FA6060042001F095FAA06018
:101DC000052001F091FA3449E060097806291BD218
:101DD000DFE801F04903505049502168494200EEC4
:101DE000101A6168F8EEC09A494200EE101AA16814
:101DF000B8EEC09A494200EE101A4042F8EEC08A8E
:101E000000EE100AB8EEC08A9FED241A244869EE4D
:101E1000810A90ED000A234860EE801AD0ED000A96
:101E2000214881EEA02A69EE011A61EE801A80ED48
:101E3000002A81EEA02A68EE811A1C4828EE011AB9
:101E400061EE801A21EE000A80EE201A80ED002A51
:101E5000174881EEA02A80ED002A164880ED001A6E
:101E6000BDEC048B10BD94ED000AF8EEC09A94ED21
:101E7000010ABCE794ED000A6168F8EEC09A494295
:101E800000EE101AB8EEC09A94ED020AF8EEC08A7D
:101E9000B6E70000705A0020450100200000C8424B
:101EA000800100207C010020205A0020345A0020AC
:101EB000485A00205C5A00202DE9F04100250E46CA
:101EC00007462C4608E03846FFF756FE0544052035
:101ED00004F084FE641CE4B2B442F4D3B5FBF6F023
:101EE00080B2BDE8F081000010B50820FFF75CFE6D
:101EF00007F0D6FF9FED0E1B53EC112B08F020F8D6
:101F00009FED0D1B53EC112B08F01AF89FED0C1BE5
:101F100053EC112B08F014F89FED0B1B53EC112B15
:101F200008F00EF807F030FD00EE100A10BD0000BA
:101F30006666666666660A4000000000000026408D
:101F40000000008014AEEF3F000000000000303FB2
:101F5000FEE7000070B50D4C0025C4F8A8520C48EF
:101F6000016821F440010160016841F480010160D1
:101F7000C4F8AC52012004F52A7404F04BFE012091
:101F8000206004F047FE256070BD000000804042E4
:101F9000000402401CB50121022001F01FF94FF49A
:101FA0004060012400908DF8044000208DF8060068
:101FB00003208DF805008DF8074069460448FFF7B7
:101FC0008DFD0448C0F8A842C0F8AC421CBD00001A
:101FD000000402400080404270B50D4C0026C4F859
:101FE000A8620C48016821F440010160016841F4D5
:101FF000800101600125C4F8AC52284604F52A741A
:1020000004F008FE2560012004F004FE266070BD87
:1020100000804042000402402DE9F0478146184804
:102020000025016821F44001016001680160154E3E
:102030002C462F464FF00108C6F8A872012004F084
:10204000E9FDC6F8A8826806D6F82C12000E11B178
:1020500040F0010501E020F00105012004F0DAFD67
:10206000641CE4B2082CE7D3B9F1000F04D0FFF7E9
:10207000B3FF2846BDE8F087FFF76CFFF9E70000E3
:10208000000402400080404270B50D46044600F056
:102090001BF8204600F0B0F800F05EF8284600F08B
:1020A000ABF800F059F800F00FF844F0010000F030
:1020B000A3F800F051F80120FFF7AEFF044600F04E
:1020C0002BF8204670BD000070B51148016821F45E
:1020D00040010160016841F4800101600D4C012064
:1020E000C4F8AC02D4F82C1200290FD0C4F8A8020E
:1020F00004F090FD0025C4F8AC52D4F82C0200285E
:1021000004D1012004F086FDC4F8A85270BD00007F
:1021100000040240008040420D4810B5016821F4DF
:1021200040010160016841F480010160094C002018
:10213000C4F8A802C4F8AC02012004F52A7404F023
:1021400069FD012020606060BDE8104004F062BDC0
:10215000000402400080404270B51248002401682B
:1021600021F440010160016801600F4D0126C5F8AE
:10217000AC62304604F04EFDC5F8A86207E0641C6E
:10218000E4B2322C03D9FFF7C7FF002070BD012055
:1021900004F040FDD5F82C020028F0D1C5F8A802C3
:1021A000012070BD00040240008040422DE9F04152
:1021B0001D4614460F468046069EFFF765FF621CCB
:1021C000FF21C4F1080301FA02F22B445B1ED9403F
:1021D0000A43C5F108018E40D2B2F1B2C4F107033F
:1021E000D940104040EA01023946404600F034F838
:1021F0000120BDE8F08100002DE9F04105461448BA
:10220000016821F440010160016841F4800101602E
:10221000104E0027C6F8A8723C464FF00108E809A6
:10222000C6F8AC026806050E012004F0F3FCC6F8FF
:10223000A882012004F0EEFCC6F8A872012004F088
:10224000E9FC641CE4B2082CE9D3BDE8F08100008D
:10225000000402400080404270B515460E46044618
:10226000FFF732FF2046FFF7C7FFFFF775FF304645
:10227000FFF7C2FFFFF770FF2846FFF7BDFFFFF72C
:102280006BFFFFF749FF012070BD0000174830EEDB
:10229000C00A1749D0ED050A174A91ED001A70EEF1
:1022A000600A144960EE810A91ED001A41EE000ABD
:1022B00090ED041A70EE810A10EE901AC0ED040A37
:1022C000914203DDDFED0D0AC0ED040A10EE901A15
:1022D0000B4A914203D9DFED0B0AC0ED040A80EDF1
:1022E000050ABDEEE00A10EE100A7047AC010020AE
:1022F0004C01002050010020007882460078824680
:10230000007882C6007882C6174830EEC00A1749A6
:10231000D0ED080A174A91ED001A70EE600A1449D0
:1023200060EE810A91ED001A41EE000A90ED071A65
:1023300070EE810A10EE901AC0ED070A914203DD9B
:10234000DFED0D0AC0ED070A10EE901A0B4A91421C
:1023500003D9DFED0B0AC0ED070A80ED080ABDEED8
:10236000E00A10EE100A7047AC0100204C0100207A
:10237000500100200078824600788246007882C6AC
:10238000007882C6174830EEC00A1749D0ED0B0A14
:10239000174A91ED001A70EE600A144960EE810A46
:1023A00091ED001A41EE000A90ED0A1A70EE810AD2
:1023B00010EE901AC0ED0A0A914203DDDFED0D0A1E
:1023C000C0ED0A0A10EE901A0B4A914203D9DFEDD4
:1023D0000B0AC0ED0A0A80ED0B0ABDEEE00A10EE12
:1023E000100A7047AC0100204C0100205001002071
:1023F0000078824600788246007882C6007882C6DD
:10240000174830EEC00A1749D0ED0E0A174A91ED71
:10241000001A70EE600A144960EE810A91ED001A0C
:1024200041EE000A90ED0D1A70EE810A10EE901A3E
:10243000C0ED0D0A914203DDDFED0D0AC0ED0D0A7E
:1024400010EE901A0B4A914203D9DFED0B0AC0ED52
:102450000D0A80ED0E0ABDEEE00A10EE100A70477C
:10246000AC0100204C010020500100200078824681
:1024700000788246007882C6007882C61CB50121A9
:10248000102000F0ABFE00218DF804100321012084
:102490008DF8051000908DF8070069460148FFF798
:1024A0001DFB1CBD0010024010B5322004F0D2F913
:1024B00002280BD1074906480A6802608988818092
:1024C000064905480A6802608988818010BD0000BD
:1024D000140200201A020020200200202602002000
:1024E0007CB50121084600F079FE01208DF804003A
:1024F00000228DF8062003218DF80510074D4FF4BA
:1025000080548DF80700009469462846FFF7E6FAE4
:1025100021462846FFF72EFB7CBD0000000002404C
:1025200000EE900A41421E4AB8EEE01A00EE901A00
:1025300000B592ED010AF8EEE00A05F0B4FE00EEF7
:10254000900A82ED010A174AB8EEE01A00EE901ADE
:1025500092ED010AF8EEE00A05F0A5FE00EE900A01
:1025600082ED010A104AB8EEE01A00EE901A92EDE0
:10257000010AF8EEE00A05F096FE00EE900A82ED00
:10258000010A0A4AB8EEE01A00EE901A92ED010A2A
:10259000F8EEE00A05F087FE82ED010A00BD0000BA
:1025A000205A0020345A0020485A00205C5A00204B
:1025B000BC2801D3012210E0622801D302220CE0E2
:1025C0002A2801D3032208E0142801D3042204E0BE
:1025D0000A2801D3052200E006221A21D020FFF7A5
:1025E0003BBE10B504464FF47A70844201D90446CC
:1025F00002E0042C00D20424B0FBF4F0401EC2B26E
:102600001921D020FFF728FE6008BDE81040FFF731
:10261000CFBF10B580226B21D020FFF71DFEC82050
:1026200004F0DCFA00226B21D020FFF715FE012018
:1026300000F03AF8002000F02EF83220FFF7D1FF2A
:1026400000223821D020FFF707FE00226A21D02087
:10265000FFF702FE00222321D020FFF7FDFD80229C
:102660003721D020FFF7F8FD7521D020FFF70CFDB2
:10267000682801D0012010BD01226B21D020FFF776
:10268000EBFD00226C21D020FFF7E6FD3220FFF7A2
:10269000A8FF002010BD08B50223009004221C21D1
:1026A000D020FFF783FD08BD08B502230090042267
:1026B0001B21D020FFF77AFD08BD000008B504F00B
:1026C000E3FA0D4C4FF47A7500900A21684606F043
:1026D0004DF92068A8420ADA401C20606068206139
:1026E0002089A082D4F80A00E061E089208400F00B
:1026F00049F800F003F8E8E70402002070B53C2137
:10270000D020FFF7C1FC04463B21D020FFF7BCFCE2
:1027100004EB00201A4C3E212080D020FFF7B4FCAF
:1027200005463D21D020FFF7AFFC05EB002060807F
:102730004021D020FFF7A8FC05463F21D020FFF71D
:10274000A3FC05EB002000B2A4F10A01A0800968F7
:10275000B1F57A7F12DB04F11803218819806288B1
:102760005A8098809B1F1D88491B21805988511AC7
:1027700061809988401A00F58040A08070BD0000FB
:102780000E02002070B54421D020FFF77DFC0446E6
:102790004321D020FFF778FC04EB00201F4C46219A
:1027A0002080D020FFF770FC05464521D020FFF7A0
:1027B0006BFC05EB002060804821D020FFF764FC13
:1027C00005464721D020FFF75FFC05EB002000B253
:1027D000211FA08009684FF47A75114A114BA94254
:1027E00003DA01201860107070BDA94201D10021E8
:1027F00011704FF496711960084B218812331980BB
:1028000062885A8098809B1F1D88491B21805988A7
:10281000511A61809988401AA08070BD080200207A
:102820004401002034000020FEE7704730B50F233C
:10283000C27801780125FAB1144A126801F1E02149
:1028400002F4E062C2F5E062C2F30722C2F10404BE
:10285000D3404278A24084781C401443220181F87E
:102860000024007800F01F018D404009800000F135
:10287000E020C0F8005130BD01F01F00854048093C
:10288000800000F1E020C0F8805130BD0CED00E088
:102890000249084302490860704700000000FA0539
:1028A0000CED00E010B40021084B0A46002003EBB9
:1028B000C004401CC0B262548028F8D3491CC9B27D
:1028C0000829F3D310BC00F0B9B800002C02002096
:1028D00010B57F2816D83F2914D80723A3EBD103BE
:1028E00001F00701C1F107040121A140064CDBB250
:1028F00004EBC000002AC25CC9B201D00A4300E068
:102900008A43C25410BD00002C0200207CB5012176
:10291000082000F063FC01268DF8046000244FF4C9
:10292000F0408DF8064000908DF805408DF8074086
:1029300069464048FFF7D2F80121080700F05AFC29
:10294000012000F045FC002000F0C0FC002000F059
:102950003FFC394DC5F8B042642005F52C7504F0F4
:102960003DF92E600021AE2000F02AF90021D5208B
:1029700000F026F90021502000F022F90021A820C3
:1029800000F01EF900213F2000F01AF90021D320A9
:1029900000F016F90021084600F012F9002140204D
:1029A00000F00EF900218D2000F00AF9002114201A
:1029B00000F006F90021202000F002F90021022099
:1029C00000F0FEF80021A12000F0FAF80021C0205C
:1029D00000F0F6F80021DA2000F0F2F800211220D1
:1029E00000F0EEF80021812000F0EAF80021EF204D
:1029F00000F0E6F80021D92000F0E2F80021F120F3
:102A000000F0DEF80021DB2000F0DAF800213020B1
:102A100000F0D6F80021A42000F0D2F80021A62072
:102A200000F0CEF80021AF2000F0CAF8FFF73AFF1F
:102A30007CBD0000000C02400080414270B5104E89
:102A4000002505F1B000C0B2002100F0B9F8002166
:102A5000084600F0B5F80021102000F0B1F800247D
:102A600006EBC4000121405D00F0AAF8641CE4B24A
:102A7000802CF5D36D1CEDB2082DE2D370BD0000A3
:102A80002C0200202DE9F04F203A98460D4683464F
:102A9000894602F0FF0A00262EE0B8F10C0F08D09C
:102AA000174901EB0A100027845D200607D5099A13
:102AB00008E014490AEB4A0001EB8000F3E70998AB
:102AC00090B1002229465846FFF702FF6D1C6006B0
:102AD000EDB2040EA5EB0901414507D10BF1010050
:102AE0004D4600F0FF0B05E00122EBE77F1CFFB233
:102AF000082FDAD3761CF6B24645CED3BDE8F08F68
:102B000086AB000812A700082DE9FF4F81B000270F
:102B1000DDF838B01D46924680463C464FF001092C
:102B20004FEA5B0627E0281B401EC1B20A2004F0D2
:102B3000E5F8BAFBF0F00A21B0FBF1F201FB12005C
:102B400027B9691E8C4201DA48B101273030C2B280
:102B500006FB0480C0B25B46CDF8009006E006FBA1
:102B60000480C0B25B462022CDF800900299FFF7A6
:102B700089FF641CE4B2AC42D5D305B0BDE8F08F48
:102B8000F8B516460D460446012714E07A2C02D902
:102B900000241035EDB23A2D03D900242546FFF765
:102BA00081FE009732780C2329462046FFF76AFF02
:102BB0000834E4B2761C30780028E7D1F8BD000074
:102BC00030B500230E4A012411B1C2F8AC4201E035
:102BD000C2F8AC320021C2F8B832050602D5C2F8FC
:102BE000B44201E0C2F8B432C2F8B8424006491C0F
:102BF000000EC9B20829EED3C2F8AC4230BD0000C5
:102C0000008041420020044A01461154401CC0B2D9
:102C10000928FAD3704700002C0600202DE9F8435C
:102C200001250746ADF800501B4800264670ADF858
:102C300000501A4C80464FF6FF7924E0BDF80000A2
:102C4000384202D0C4F8B05201E0C4F8B062C4F80F
:102C5000A052052003F0DEFFC4F8A062052003F0B7
:102C6000D9FFC4F8A052D4F83C0230B198F8011052
:102C7000BDF80020114388F80110BDF8001009EAE2
:102C80004100ADF80000BDF80000FF28D6D9BDE82E
:102C9000F843102003F0BEBF2C0600200000424283
:102CA00070B5FFF7AFFF00F013F90B480B4AB0F80F
:102CB00003400A48083244800020012512F81030F1
:102CC00000F101005B1E05FA03F12142C0B202D0FF
:102CD0001028F3D3002070BD2C0600203C000020FB
:102CE00010B5154C0020C4F8A802102004F52A7471
:102CF00003F090FF0120FFF791FF4320FFF78EFFC5
:102D00000020FFF78BFF0120FFF788FF0020FFF76F
:102D100085FF0020FFF782FF0020FFF77FFF0020E4
:102D2000FFF77CFF0020FFF779FF01202060BDE85E
:102D30001040102003F06EBF0000424210B5154C49
:102D40000020C4F8A802102004F52A7403F062FFE2
:102D50000120FFF763FF4320FFF760FF0020FFF72C
:102D60005DFF0020FFF75AFF5A20FFF757FF5A2058
:102D7000FFF754FF5A20FFF751FF5A20FFF74EFF8D
:102D80005A20FFF74BFF01202060BDE810401020C3
:102D900003F040BF000042427CB50121102000F04A
:102DA0001DFA4FF40040002400908DF804400320E9
:102DB0008DF805000C4E02258DF807506946304607
:102DC000FEF78CFE01218DF804108DF806404FF4BB
:102DD000A8508DF8055000908DF8071069463046D0
:102DE000FEF77CFE7CBD00000010024010B5FFF72E
:102DF00057FF00EE100A27482C4BB8EE400A01227C
:102E000080ED000A2448C17900EE901A2349F8EEBB
:102E1000600AC1ED000A017A00EE901A2049F8EE2E
:102E2000600AC1ED000A417901EE101A1D49B8EEA1
:102E3000411A81ED001A807910EE101A01EE100A85
:102E40001948B1F1814FB8EE411A80ED001A1848C7
:102E500001D10178E1B15968002918D010EE901A1B
:102E6000144B994213DA0178002910D112490968EC
:102E7000B1F57A7F0BDB1149027000200870104910
:102E8000087010490870104908701049087010BD8A
:102E90005A60E3E7A80100202C06002098010020DA
:102EA0009C010020A0010020A40100203C00002083
:102EB000540100200000EC420402002056010020D2
:102EC00055010020570100209001002091010020B1
:102ED0002DE9FC4100268DF800600125ADF8045075
:102EE000224CC4F8A862224F3878FFF797FE787812
:102EF000FFF794FE02208DF800001E4F4FF6FF787A
:102F00002CE0ADF804501DE0C4F8A052052003F0F9
:102F100081FEC4F8A062052003F07CFEC4F8A05234
:102F2000D4F83C0240B19DF80000BDF80410385CB4
:102F300008439DF800107854BDF8041008EA4100D9
:102F4000ADF80400BDF80400FF28DDD9102003F01F
:102F500061FE9DF80000401C8DF800009DF8000007
:102F60000928CED3C4F8A852BDE8FC810000424233
:102F70003C0000202C06002010B500F00DF800F0F9
:102F80000BF800F009F8FFF7ABFE00F027F8BDE8FA
:102F90001040FFF7D3BE000010B50F4C0020C4F85E
:102FA000A802102004F52A7403F034FE0120FFF774
:102FB00035FE4220FFF732FE0020FFF72FFE0020F3
:102FC000FFF72CFE0020FFF729FE01202060BDE85E
:102FD0001040102003F01EBE0000424210B5144CF9
:102FE0000020C4F8A802012004F52A74FFF716FE99
:102FF0004420FFF713FE0020FFF710FE0120FFF72B
:103000000DFE0320FFF70AFE0020FFF707FE002059
:10301000FFF704FE0020FFF701FE0020FFF7FEFD92
:1030200001202060BDE81040102003F0F3BD000037
:1030300000004242554830B4D0ED000A9FED540ADA
:1030400054486FF0130370EE600AFDEEE00A10EED4
:10305000901AD0ED000A504870EE600AFDEEE00ACA
:1030600010EE902AD0ED000A9A4230EE600ABDEED2
:10307000C00A10EE100A02DD142A00DA002299427A
:1030800002DD142900DA0021984202DD142800DA5A
:103090000020424B434C424D1B6894ED000AF1EE78
:1030A000040AAB4202D130EE200A04E03E4DAB42AE
:1030B00003D130EE600A84ED000AB5EEC00AF1EEED
:1030C00010FA03D29FED390A84ED000A00EE102AAF
:1030D00001EE901AD4ED000AB8EEC00A02EE100A12
:1030E000F8EEE11ADFED352AB8EEC22A20EE201AFA
:1030F0009FED2F0A61EEA01A22EE222A21EE001A7D
:103100002C4A61EE801A2C4B22EE000A2C4982EDEB
:10311000001A2C48C3ED001A81ED000A00789FEDDB
:103120002A2AF0B101281CD0022806D003280FD08B
:1031300005280DD004280BD019E0F0EE000A20EE8F
:10314000200AF2EE020A80EE202A81ED002A0EE02B
:10315000B5EEC01AF1EE10FA03D2B1EE400A81EDDD
:10316000000A20EE200AC0EE020AC1ED000A9FED1F
:10317000172A81EE020AC1EE820A82ED000AC3ED2F
:10318000000A91ED001A30BCFEF7ACB8980100209F
:10319000000000439C010020A0010020A8010020A5
:1031A00000003041480100200000104100000000F4
:1031B0000000003C7001002074010020DB0FC93FBB
:1031C00078010020450100200000FA4300007A4405
:1031D000014908627047000000000E42044A0029BD
:1031E000116801D0014300E0814311607047000085
:1031F00030380240044A0029116801D0014300E040
:10320000814311607047000040380240044A0029A1
:10321000116801D0014300E0814311607047000054
:1032200044380240044A0029116801D0014300E0FB
:1032300081431160704700002438024070B5204B74
:103240001968204C11F00C0104D06610042903D039
:10325000082903D004601BE0066019E0184A121F19
:103260001168C1F38055116801F03F0115B1B6FB3B
:10327000F1F101E0B4FBF1F114681268C4F38814B1
:103280006143C2F30142521C5200B1FBF2F10160F2
:1032900019680F2202EA11110B4A545C0168E140DF
:1032A00041601C68072505EA9424145D21FA04F4A2
:1032B00084601B6805EA5333D25CD140C16070BDA5
:1032C000083802400024F400C00000200549002214
:1032D0000A700A70012802D0042801D10520087064
:1032E00070470000703802400021022807D00328F0
:1032F0000BD004280BD005280BD0002070474FF0CE
:103300008042506A516200B27047044A02E0044AA7
:1033100000E0044A1068116000B2704724040040C5
:1033200024080040240C00402DE9F0414FF4FA66D7
:10333000614B771032463946186804F0C4FF5F4D80
:10334000186032463946286804F0BDFF5C4C28609E
:1033500032463946206804F0B6FF3246594E2060A6
:103360003946306804F0AFFF30602A6821681B6876
:103370006FF06304A2F2DC52A0F2DC50A1F2DC5147
:10338000A3F2DC53A24202DD642A00DA0022A0424A
:1033900002DD642800DA0020A14202DD642900DA9F
:1033A0000021A34202DD642B00DA002300EE101A94
:1033B000454CB8EEC00AD4ED000A30EE800ABDEEEE
:1033C000C00A10EE101A002900DA00214FF4FA7535
:1033D0004A4392FBF5F24042484390FBF5F000EE81
:1033E000102ADFED3C1A394CF8EEC00A00EE100A44
:1033F0005842374DB8EEC01A00EE100A374AC4EDF5
:10340000000AB8EEC00A364885ED001A20EE212ADF
:10341000DFED311A82EE210A82ED000A007850B108
:10342000012808D002280DD0032812D0052810D07A
:1034300004280ED022E002EE101AB8EEC22A20EEC6
:10344000020A17E0F0EE001A20EE210AF2EE021A4C
:1034500010E0F5EEC00AF1EE10FA03D2B1EE400A28
:1034600082ED000AB0EE402A00EE101AB8EEC00A53
:1034700022EE000A80EE212A82ED002A9FED190A31
:103480001949C0EE801AC1EE000AC4ED001AC5ED5C
:10349000000A087838B19FED150A401E84ED000A35
:1034A00082ED000A087092ED001A94ED000ABDE862
:1034B000F041FDF717BF0000780000207C000020DD
:1034C00080000020840000204801002070010020BE
:1034D00074010020DB0FC93F0000FA43780100208F
:1034E0004501002000007A44AC01002000000000EB
:1034F00010B551EC100B2DED068BB0EE439AF0EEAB
:10350000629AB0EE42AAF0EE618AB0EE418A06F00D
:103510003BFABDEECA0A154910EE102ABDEEE90AC3
:10352000086081ED018A10EE103AC1ED058AC1E90B
:10353000022381ED049A9900514300EE101A0C49C0
:10354000B8EEC00A81ED000A9FED0A0A0A4929EE89
:10355000000A81ED000A09490860094880ED008AE7
:103560000848C0ED008ABDEC068B10BD805A0020D3
:103570007C010020DB0F49408001002084010020F5
:10358000880100208C01002070B53E4C4FF4AD70D6
:103590000A2120600920FEF78FFC21683A4C90FB3D
:1035A000F1F0C0B22070052801D905202070C0B20A
:1035B0009FED361A9FED363A06281DD2DFE800F05F
:1035C000031029343D48F0EE411A9FED323AF2EEF5
:1035D0000A2AB3EE0E2A9FED301A9FED300B09E058
:1035E0009FED303AF2EE0A2AB3EE0E2ADFED2E1AE4
:1035F0009FED2E0BFFF77CFF2578042208242D4831
:103600002D490723062D38D2DFE805F02D30383854
:103610003438F0EE411AF2EE0A2AB3EE0E2A9FED8C
:10362000271A9FED270BE5E7F2EE0A2AB3EE0E2AE2
:10363000F0EE411A9FED240BDCE7F0EE411AF2EEBA
:103640000A2AB3EE0E2A9FED221A9FED220BD1E734
:103650009FED223AF2EE0A2AB3EE0E2AF0EE411A5C
:103660009FED1F0BC6E704600E2005E006220260F6
:103670000A2001E004600B20086070BD02600B604E
:1036800070BD00006801002045010020000000001E
:10369000B81E853D9A99993D7B14AE3D022B871645
:1036A000D9CEB73F8FC2753D643BDF3D00000000BF
:1036B000000000006001002064010020BC74133E83
:1036C000000000806ABCC43F000000A0EFA7C63F16
:1036D000E926313E000000C09DEFC73FC520303DC8
:1036E000000000E07A14CE3F0CB50022274900927A
:1036F0000192086840F4803008604FF4A0430868E5
:1037000000F4003001900098401C0090019810B91E
:1037100000989842F3D10868800334D501200190C5
:103720001A484030026842F080520260184802682D
:1037300042F44042026015480830026802600268A4
:1037400042F400420260026842F4A0520260031F89
:10375000104A1A600A6842F080720A600A68920190
:10376000FCD50D4940F205720A60016821F00301A1
:103770000160016841F0020101600168C1F381014B
:103780000229FAD10CBD01920CBD000000380240A4
:103790000070004008544007003C0240F0B5174E4E
:1037A000174F059D44F29F14002803DA346020442B
:1037B000386002E03C60201A30601248002903DAC9
:1037C00044632144816302E08463611A41630E48CB
:1037D000002A03DA84631119416302E04463A11AE9
:1037E0008163002B03DA04641919C16302E0C46326
:1037F000E11A016405480560F0BD00003444014051
:1038000034480140004001400000014038180040A9
:1038100000B5B0EE412AF0EE602AB0EE401A9FEDFE
:10382000490A4948D0ED001ADFED480AB5EEC01A42
:10383000F1EE10FA02DD71EE801A0EE0B5EEC01A5C
:10384000F1EE10FA02D271EEC01A06E0B5EEC01A1F
:10385000F1EE10FA03D161EEA01AC0ED001A3A4958
:10386000F5EEC02AD1ED011AF1EE10FA02DD71EE8B
:10387000801A0EE0F5EEC02AF1EE10FA02D271EED7
:10388000C01A06E0F5EEC02AF1EE10FA03D161EE9F
:10389000A01AC0ED011A2C49B5EEC02AD1ED021ACA
:1038A000F1EE10FA02DD31EE800A0EE0B5EEC02A2C
:1038B000F1EE10FA02D231EEC00A06E0B5EEC02AEF
:1038C000F1EE10FA03D121EEA00A80ED020AB0EE6B
:1038D000410A03F0C5F9F0EE400AB0EE410A03F0E8
:1038E000BFF9F1EE401AB0EE601A90ED000AF0EE6A
:1038F000610A04F0D8FC80ED000AB0EE620A03F021
:10390000AFF9B0EE401AB0EE620A03F0A9F9F1EE99
:10391000400A90ED010A04F0C6FC80ED010AB0EE09
:10392000420A03F09DF9B0EE401AB0EE420A03F0ED
:1039300097F9F1EE400A90ED020A04F0B4FC80ED34
:10394000020A00BD0AD7233C145A00206666663F6F
:103950004FF0E0210428086903D020F0040008613A
:10396000704740F00400FAE710B505F0A5FD012806
:1039700003D0BDE8104005F093BA10BD124810B551
:10398000016841F4700101601048016841F00101D3
:1039900001600E4A00210832116002680C4B1A4087
:1039A0000260031D0B4A1A60026822F48022026042
:1039B00006480C300160FFF797FE03494FF00060A6
:1039C0008039086010BD000088ED00E0003802403A
:1039D000FFFFF6FE1030002470B5048C24F00104C3
:1039E0000484058B048C4FF6FF7606EA0313134319
:1039F00025F0F3052B4324F00A020A4342F00101AB
:103A00000383018470BDF0B5048C24F01004048499
:103A1000078B068C4FF6FF7404EA011527F47347F1
:103A200004EA0331394304EA02220A4326F0A001E2
:103A3000294341F0100102830184F0BD2DE9F041DA
:103A4000884607468AB001210220FFF7C7FB012103
:103A50004804FFF7DBFB1F4E032208213046FEF728
:103A600079F802208DF804000024C0018DF806408A
:103A7000012500908DF8075003208DF80500694658
:103A80003046FEF72BF8144EADF808800397ADF8DA
:103A90001040ADF80A4002A9304600F0BFFD60209A
:103AA000ADF81400ADF81650ADF8204005A9304629
:103AB00000F068FC0821304600F09AFC01213046F5
:103AC00000F0A8FB0121304600F0B4FB0AB0BDE8CD
:103AD000F081000000040240004401402DE9F04163
:103AE000884607468AB001210220FFF777FB0121B3
:103AF0008804FFF78BFB214E032209213046FEF795
:103B000029F802208DF80400002400028DF80640F8
:103B1000012500908DF8075003208DF805006946B7
:103B20003046FDF7DBFF164EADF808800397ADF881
:103B30001040ADF80A4002A9304600F06FFD602049
:103B4000ADF81400ADF81650ADF8204005A9304688
:103B500000F018FC0821304600F04AFC01213046F4
:103B600000F072FB0121304600F054FB0121304689
:103B700000F060FB0AB0BDE8F081000000040240E4
:103B8000004801402DE9F041884606468AB00121EF
:103B90004020FFF72FFB01210220FFF71FFB02202F
:103BA0008DF818004FF44040059003208DF819005F
:103BB0000024264F8DF81A4001258DF81B5005A9C9
:103BC0003846FDF78BFF09220E213846FDF7C2FF6C
:103BD00009220F213846FDF7BDFF08961C4EADF8AF
:103BE0001C80ADF82440ADF81E4007A9304600F017
:103BF00015FD6020ADF80000ADF802500294ADF85C
:103C00000C40ADF810406946304600F0BBFB6946F9
:103C1000304600F0F3FB0821304600F0E9FB0821B4
:103C2000304600F035FC0121304600F00DFB01214B
:103C3000304600F0FFFA064940F2DC5038310860A7
:103C4000091F08600AB0BDE8F081000000040240CE
:103C5000001800402DE9F0418846074601218AB04E
:103C60000846FFF7D3FA01211020FFF7B7FA354EC7
:103C7000012209213046FDF76DFF01220B2130465C
:103C8000FDF768FF01220D213046FDF763FF012299
:103C90000E213046FDF75EFF4FF4D4400590022020
:103CA0008DF8180003208DF8190000248DF81A40B3
:103CB00001258DF81B5005A93046FDF70FFF224E58
:103CC000ADF81C800897ADF82450ADF81E4007A948
:103CD000304600F0A3FC6020ADF80000ADF80250C3
:103CE000ADF80C406946304600F04CFB6946304662
:103CF00000F084FB6946304600F0D4FB694630464C
:103D000000F01EFC0121304600F09EFA08213046EA
:103D100000F06EFB0821304600F0BAFB0821304667
:103D200000F008FC0821304600F044FC0121304638
:103D300000F070FA0121304600F07CFA0AB0BDE8CC
:103D4000F081000000100240000001404FF0804070
:103D5000018A018A21F0010101827047034801882C
:103D6000018821F00101018070470000100400402B
:103D700003480188018821F001010180704700009B
:103D80001008004003480188018821F001010180EA
:103D900070470000100C004003480188018821F0A2
:103DA0000101018070470000101800402DE9F04724
:103DB0008E4800248169B1F5C86F13DD8C490A78FB
:103DC00082B98C4A1268B2F57A7F0BDB01220A7045
:103DD00089490C7089490C7089490C7089490C70AB
:103DE00089490C7080460078884D000642F20F76B3
:103DF0004FF4FA772DD40221284600F051FA40B34F
:103E00000221284600F013FA98F8000040062846E0
:103E10003DD500F03DFA80B2A8F80600B8F80410CD
:103E20004246884201D2566300E05463401A516B07
:103E300008445061516A401A00D54042B84200DD42
:103E400051615069506288F800400021284600F016
:103E5000C9FA98F8010000063AD40421284600F077
:103E60001FFAA8B30421284600F0E1F998F80100F0
:103E7000400628464AD500F00DFA80B2A8F80A009C
:103E8000B8F80810424688420ED296630DE000F062
:103E9000FFF90146A8F8041098F8001041F040011D
:103EA00088F800100221D1E79463401A916B08440E
:103EB0009061916A401A00D54042B84200DD91619C
:103EC0009069906288F801400021284600F0D6FAF7
:103ED00098F8020000063AD40821284600F0E0F9DC
:103EE000A8B30821284600F0A2F998F8020040067D
:103EF00028464BD500F0D0F980B2A8F80E00B8F8EB
:103F00000C10424688420ED2D6630DE000F0C2F992
:103F10000146A8F8081098F8011041F0400188F80F
:103F200001100221D1E7D463401AD16B0844D0615B
:103F3000D16A401A00D54042B84200DDD161D06953
:103F4000D06288F802400021284600F0E9FA98F88B
:103F50000300C146000647D41021284600F0A0F90E
:103F6000002841D01021A846284600F060F999F8B1
:103F700003004D4640062BD5404600F08FF980B235
:103F80006882298A88420ED22E640DE000F084F9FE
:103F90000146A8F80C1098F8021041F0400188F88A
:103FA00002100221D0E72C64401A296C08442862D0
:103FB000296B401A00D54042B84200DD2962286AC8
:103FC0002863EC7000214046BDE8F04700F0E8BAF5
:103FD0004446404600F062F92882E878022140F029
:103FE0004000E8702046EFE7BDE8F087640000205D
:103FF0005601002004020020550100205401002039
:104000005701002090010020910100200004014090
:104010002DE9F041884605468AB001210220FFF7CC
:10402000F5F801210420FFF7D9F84FF4707002264B
:1040300003908DF8106003208DF811000024414F8B
:104040008DF812408DF8136003A93846FDF746FD40
:10405000032206213846FDF77DFD0322072138465D
:10406000FDF778FD032208213846FDF773FD032292
:1040700009213846FDF76EFD334FADF814800695E3
:10408000ADF81C40ADF8164005A9384600F0C6FA58
:1040900001250F20ADF80040ADF80450ADF8080040
:1040A000ADF80240ADF806406946384600F004F924
:1040B0000420ADF80000ADF80450ADF80240ADF8B2
:1040C0000640ADF808406946384600F0F5F808208B
:1040D000ADF80000ADF80450ADF80240ADF8064070
:1040E000ADF808406946384600F0E6F80C20ADF817
:1040F0000000ADF80450ADF80240ADF80640ADF850
:1041000008406946384600F0D7F82E208DF8200088
:104110008DF821608DF822608DF8235008A8FEF7F5
:1041200085FB01221E21384600F024F90121384682
:1041300000F08AF80121384600F07CF80AB0BDE8AA
:10414000F08100000008024000040140024801889C
:1041500021F0010101807047100401402DE9F04376
:104160008946804601218BB00804FFF74FF80121F2
:104170001020FFF733F8254F032205213846FDF7BD
:10418000E9FC032206213846FDF7E4FC02208DF805
:10419000180003208DF81900002460268DF81A40BD
:1041A000012505968DF81B5005A93846FDF796FCAC
:1041B000174FADF81C90CDF82080ADF82440ADF835
:1041C0001E4007A9384600F029FAADF80060ADF8A6
:1041D0000250ADF80C406946384600F0D3F8694605
:1041E000384600F00BF90821384600F001F90821A3
:1041F000384600F04DF90121384600F00BF8012156
:10420000384600F017F80BB0BDE8F083001002400C
:10421000004001400029018802D041F0800101E006
:1042200021F0800101807047C94301827047C94372
:10423000018270470029018802D041F0010101E0AC
:1042400021F0010101807047002930F8441F02D09D
:1042500041F4004101E0C1F30E010180704770B5E7
:104260000589048B068C25F007050D434FF6FC41AC
:104270000C4040F201110C434FF6FF7101EA0311AB
:1042800026F022061143314305810483018470BD69
:10429000406B7047806B7047C06B7047006C704715
:1042A00002460020138A92890B4202EA010202D0E0
:1042B000002A00D0012070472DE9F0410C460E88FD
:1042C0004988A2882389054616B3042E28D0082ED3
:1042D0002E8C4FF6FF702BD026F480562E84AF8B99
:1042E0002E8C00EA022200EA013127F473473A4398
:1042F00000EA0330104326F420420A4342F480517E
:10430000A8832984E1882846BDE8F04100F07AB905
:10431000FFF762FBE1882846BDE8F04100F056B99E
:10432000FFF771FBE1882846BDE8F04100F056B97F
:1043300026F480762E84AF8B2E8C00EA012100EAD1
:104340000310104327F0F307384326F420620A4392
:1043500042F48071A8832984E1882846BDE8F041B1
:1043600000F048B900210180418001228280C18093
:1043700001817047002A828901D00A4300E08A4304
:104380008281704730B5028C22F001020284028CD7
:104390008388048B22F0020224F073050C882C43DE
:1043A0008D8915434A882A430C4DA84202D00C4DF2
:1043B000A8420DD122F00805CA8923F440732A438C
:1043C00022F004058A882A430D8A1D434B8A2B4319
:1043D0008380048389684163028430BD000001400A
:1043E00000040140028C22F002020A43028470475A
:1043F000028B22F008020A430283704770B5028CD8
:1044000022F010020284028C8388048B0D8824F42D
:10441000E6464FF6FF7404EA052535438E8922F0FF
:10442000200204EA061616434A8804EA02123243BE
:10443000104EB04202D0104EB04215D122F080068C
:10444000CA8923F4406304EA0212324322F0400690
:104450008A8804EA021232430E8A04EA86061E4360
:104460004B8A04EA8303334383800583896881632D
:10447000028470BD0000014000040140028C4FF630
:10448000FF7322F0200203EA0111114301847047F7
:10449000028B4FF6FF7322F4006203EA01211143FD
:1044A0000183704770B5028C22F480720284028C02
:1044B0008388848B0D8824F0730425438E894FF6FE
:1044C000FF7422F4007204EA062616434A8804EABE
:1044D00002223243104EB04202D0104EB04215D1EB
:1044E00022F40066CA8923F4405304EA02223243CC
:1044F00022F480668A8804EA022232430E8A04EAA1
:1045000006161E434B8A04EA0313334383808583D4
:104510008968C163028470BD00000140000401404D
:10452000028C4FF6FF7322F4007203EA012111435B
:1045300001847047828B22F008020A43828370470D
:1045400070B5028C22F480520284058C8288838BA1
:104550000C8823F4E6464FF6FF7303EA0424344341
:1045600025F400568D8903EA053535434E8803EA64
:1045700006362E43084DA84202D0084DA84205D168
:1045800022F480450A8A03EA82122A4382808483C5
:1045900089680164068470BD000001400004014088
:1045A000028C4FF6FF7322F4005203EA01311143EB
:1045B00001847047828B4FF6FF7322F4006203EA96
:1045C000012111438183704741627047028B22F0C1
:1045D0000C020283028B0A4302837047028B22F48F
:1045E00040620283028B4FF6FF7303EA01210A4304
:1045F00002837047828B22F00C028283828B0A43F3
:1046000082837047828B22F440628283828B4FF6D2
:10461000FF7303EA01210A438283704730B50288A1
:10462000164C174DA0420DD0A8420BD0B0F1804FD0
:1046300008D0144B984205D0134B984202D0134B2C
:10464000984203D122F070034A881A43104B9842D3
:1046500006D0104B984203D022F440730A891A43C3
:1046600002804A68C2620A880285A04201D0A8423C
:1046700001D1897A01860121818230BD000001408B
:10468000000401400004004000080040000C00400D
:1046900000100040001400404FF0FF314160002145
:1046A0000180018141808172704700000A2809DB86
:1046B0000C48D0F80C0228B10B480078012801D032
:1046C00000207047094A012000211160084A11604A
:1046D000084A51639163084A916391631164D163FD
:1046E00070470000008041424401002034440140F2
:1046F00034480140004001400000014070B52F4C9B
:1047000040F22551204600F0C7FA00284ED020463E
:1047100000F050FBC1B22A480068B0F57A7F45DB53
:10472000294A284C002590797B29215400D028B1B2
:10473000401CC0B290710B2802D037E0957135E073
:104740009571A07A7D2831D100210920FCF7ACFDBC
:10475000617A88422AD11D4805701D4805701D48A0
:1047600005701D4805701D4805701D4805702179AC
:10477000E07800F07BFB1B4D85ED000AA1796079A4
:1047800000F074FB184880ED000A217AE07900F00F
:104790006DFB1648164EF0EE400A0078022807D04E
:1047A000217AE07900F062FB86ED000A002070BDFE
:1047B00095ED000A00F004FBF6E700000050004011
:1047C000B0010020A8060020A8000020540100200D
:1047D00056010020550100205701002091010020C2
:1047E000E801002070010020740100204501002034
:1047F0007801002070B5334D40F22551284600F075
:104800004BFA002856D000240126284600F0D2FAA0
:10481000C1B22D480068B0F57A7F4BDB2C4B2B4D95
:10482000002218787B29295400D028B1401CC0B23E
:1048300018700B2802D03DE01A703BE01A70A87A7D
:104840007D2837D10020295C401C4C400928FADB28
:10485000687AA04200D06EBB1E48017849B9012198
:1048600001701D4802701D4802701D4802701D48ED
:1048700002701D4802702979E87800F0F7FA1B4CA5
:1048800084ED000AA979687900F0F0FA184880ED03
:10489000000A297AE87900F0E9FA1648164EF0EE97
:1048A000400A0078022807D0297AE87900F0DEFA79
:1048B00086ED000A002070BD94ED000A00F080FA39
:1048C000F6E7000000100140B0010020380600208B
:1048D000A800002090010020550100205401002074
:1048E0005601002057010020E8010020700100203F
:1048F00074010020450100207801002000B5054B1F
:104900000022985C03F058FE521CD2B2182AF8D349
:1049100000BD0000760600202DE9F04140F225514F
:104920002DED048B734800F0B7F9002872D0714860
:10493000001D008870490968B1F57A7F6ADB0121A2
:1049400000246E4D412810D12A79412A0DD16C4A9C
:10495000137853B96B4B1C706B4B1C7011706B4A06
:1049600014706B4A14706B4A1470C3B26A4A6B4F6E
:10497000DFF8ACC16B4E2B714B2808D0492808D00A
:104980004A2806D036782EB1012E0BD01EE03170A9
:104990000CE03470A0F14106072E26D9082814DC5B
:1049A000137013E0432809D047280BD03C708CF8D3
:1049B0000040412819D0452817D006E03C708CF8FB
:1049C000001002E039708CF8004014709FED560A18
:1049D000564A9FED579A574E58280AD059280DD05D
:1049E0007B2818D07D281CD00EE0A0F14006167060
:1049F000ECE7D6ED000A30EE800A03E0D6ED000ABF
:104A000030EEC00A86ED000A6878012804D002283A
:104A100009D060E068E06970A8781354401CA87061
:104A200059E002206870D078502806D050782328AA
:104A300048D0A878E87090462AE03F48017041E0ED
:104A4000A978081A05F015FA41EC110B9FED3B0B04
:104A500000F0BAFBEF78B0EE408A08EB0700F0EE0A
:104A6000608A10F8010C303805F003FA53EC182B6B
:104A700005F066FA41EC180BA86805F057FD53ECF9
:104A8000182B04F0B3FF04F07FFF7F1EA860EF70C7
:104A9000E8780428D4D298F801003038032811D2DD
:104AA000DFE800F002070B0095ED020A86ED000A30
:104AB00008E095ED020A234802E095ED020A22483B
:104AC00080ED000A6C70AC70EC7085ED029A3221BA
:104AD0001648FBF742FD96ED000AB5EEC00AF1EE6E
:104AE00010FA01D286ED009A0020BDEC048BBDE8DF
:104AF000F08100000044004004020020A8000020D3
:104B000055010020540100205601002057010020CB
:104B10009001002091010020580100209201002006
:104B200093010020940100200000C84243060020A9
:104B30000000000048010020950100200000000056
:104B4000000024404C0100205001002070B5304C82
:104B500040F22551204600F09FF8002850D0204612
:104B600000F028F9C1B22B480068B0F57A7F47DB26
:104B70002A4A294D002450797B29295400D028B194
:104B8000401CC0B250710B2802D039E0547137E09C
:104B90005471A87A7D2833D100210920FCF784FBC9
:104BA000697A88422CD11E4804701E4804701E4841
:104BB00004701E4804701E4804701E4804701E488D
:104BC00004702979E87800F051F91C4C84ED000A52
:104BD000A979687900F04AF9194880ED000A297A24
:104BE000E87900F043F91748174EF0EE400A0078D4
:104BF000022807D0297AE87900F038F986ED000A12
:104C0000002070BD94ED000A00F0DAF8F6E700002D
:104C100000480040B0010020A8060020A8000020A5
:104C200054010020560100205501002057010020AA
:104C30009001002091010020E80100207001002077
:104C400074010020450100207801002000B5054BCB
:104C50000022985C03F0B8FC521CD2B2182AF8D398
:104C600000BD00007606002000B5054B0022985CD0
:104C700003F0B4FC521CD2B2182AF8D300BD0000D5
:104C8000760600200029818902D041F4005101E01C
:104C900021F400518181704770B501F01F05012694
:104CA0000024C1F3421306FA05F2012B0FD0022BA8
:104CB0000FD0838A4FEA11210088134206FA01F6C9
:104CC00000EA060001D000B10124204670BD8389AE
:104CD000F0E7038AEEE710B5C1F3421301F01F04B9
:104CE0000121A140012B07D0022B07D01430002A4C
:104CF000026805D00A4304E00C30F8E71030F6E70C
:104D00008A43026010BD00007FB50446008A0D464C
:104D1000C98820F4405001432182A08941F20C61EE
:104D20008843A9882A8911436A8902431143A181D2
:104D3000A08A20F44071A8890843A0826846FEF743
:104D40007DFA1A48844202D01948844201D103985E
:104D500000E00298A189090400EBC00101EB0010FA
:104D6000296801D5490000E08900B0FBF1F0642218
:104D7000B0FBF2F109010B096FF018056B4300EB72
:104D80008300A3891D044FF0320306D503EBC00056
:104D9000B0FBF2F000F0070005E003EB0010B0FB01
:104DA000F2F000F00F00084320817FBD00100140A9
:104DB000001401408088C0F308007047FEE700003F
:104DC00010B52DED048BB0EE608AB0EE409ADFEDA9
:104DD000238AB5EEC08AF1EE10FA3CD0B5EEC09A47
:104DE000F1EE10FA37D089EE080A01F039FFB4EE7F
:104DF000E80AF1EE10FA0FD8B5EEC08AF1EE10FA1B
:104E0000B0EE490A02DD01F02BFF03E001F028FFBC
:104E1000B1EE400A80EE288A1148B6EE001A90EDF5
:104E2000000A1048C9EE080A40EE010A90ED001A87
:104E300081EE200A10EE100A05F078FB41EC100B11
:104E400000F056F851EC100B04F09EFD00EE100A35
:104E5000BDEC048B10BD9FED040AF9E73333B33E7C
:104E600084010020880100200000000070B501EBE3
:104E7000002004B24FF47A7594FBF5F005FB104066
:104E80002DED028B04F0F5FF9FED0B1B53EC112B66
:104E900005F056F841EC180B94FBF5F004F0E9FF2F
:104EA00053EC182B04F0A2FD04F06EFDBDEC028B58
:104EB00000EE100A70BD0000FCA9F1D24D62503F17
:104EC00003B401984100009850EAC12018BF0420A3
:104ED0004A0D18BF40F0010040F2FF72B2EB515F83
:104EE00008BF40F00200012808BF052002B070474B
:104EF00070B59B482DED020B2DED068B079D25F01F
:104F00000044A04218DC9748844202DC0AD106988B
:104F100040B19DED060BBDEC068B02B0BDE87040C4
:104F200001F052BC002DCCBF9FED8F0B9FED900B7D
:104F3000BDEC068B02B070BD8F48A04215DD8F48D6
:104F4000A042D8BF4FF0FF3458DD9DED060B51EC69
:104F5000100BFFF7B5FF042808BF01F069FC9DEDB9
:104F6000060BBDEC068B02B070BD9DED060B51EC3F
:104F7000100B01F069FECDE9060181489FED828B9F
:104F8000A0423CDD8248A0421FDD00249FED82ABA1
:104F90009DED060B53EC1A2B51EC100B04F026FD83
:104FA0009DED060B41EC190B53EC1A2B51EC100B39
:104FB00004F0C6FF53EC182B05F0CEF953EC192B77
:104FC00004F0D0FDCDE9060149E09DED060B01247A
:104FD00053EC182B51EC100B04F008FD9DED060B63
:104FE00041EC190B53EC182B51EC100B05F0B4F9F4
:104FF00053EC192B04F0B6FDCDE906012FE068480B
:10500000A0421FDD02249FED689B9DED060B53EC33
:10501000192B51EC100B04F093FF53EC182B04F0F8
:10502000E5FC9DED060B41EC180B53EC192B51ECF4
:10503000100B05F091F953EC182B04F093FDCDE91A
:1050400006010CE09DED060B032453EC102B9FEDA5
:10505000580B51EC100B04F085FDCDE906019DEDD8
:10506000060B53EC102B51EC100B04F069FF41ECD4
:10507000180B53EC182B04F063FF41EC190B4E484E
:105080000621B0EE490AF0EE690A784401F060F9B1
:1050900053EC182B51EC100B04F052FF41EC180BA1
:1050A0004648B0EE490AF0EE690A0521784401F05D
:1050B0004FF953EC192B51EC100B04F041FF41EC6C
:1050C000100B51EC180B53EC102B002C0EDA04F0E3
:1050D0008DFC9DED061B53EC112B04F031FF9DED73
:1050E000061B53EC112B05F05FF835E004F07EFC55
:1050F0009DED061B53EC112B04F022FF41EC100B2D
:105100002F48784400EBC40090ED001B51EC100BCD
:1051100053EC112B05F020F99DED061B53EC112BE0
:1051200005F01AF941EC100B2648784400EBC40056
:1051300090ED001B51EC100B53EC112B05F034F8E3
:1051400041EC100B002DA2BFBDEC068B02B070BD70
:1051500051EC100B04F00CFC41EC100B01E70000CB
:10516000000010440000F07F182D4454FB21F93F4B
:10517000182D4454FB21F9BF0000DC3F0000203E05
:105180000000F33F00000000000000000000F03FBE
:105190000000E63F000000000000000000000040AA
:1051A0000080034000000000000000000000F83F05
:1051B000000000000000F0BF926B0000486B000090
:1051C000D26A00008A6A00002DE9F04D2DED040B33
:1051D0002DED0E8B96B0DDE92550279CDDF890A0D3
:1051E00025F0004624F00048BAF1000F14BF012159
:1051F000002101EB4502FC4953184A1093422AD37F
:10520000002814BF0123002303EB44030B44F74998
:105210008B4220D358EA00019FEDF59B76D0DFF852
:10522000D8B35D4503D1BAF1000F05D188E0BAF1DA
:10523000000F08BF002100D0012101EB450111F54D
:10524000001F08D8002814BF0121002101EB4401F0
:1052500011F5001F0BD99DED261B9DED240B16B0FB
:10526000BDEC0E8B04B0BDE8F04D01F0B7BA0027DD
:10527000002DBCBFE149884521DAE1498845A8BF36
:1052800002271CDAC3451ADCDE4901EB2851142938
:1052900008DDC1F1340220FA02F101FA02F2824281
:1052A0000DD108E058B9C1F1140228FA02F101FA4F
:1052B00002F2424503D101F00101C1F1020756EAB1
:1052C0000A0124D1002C22DA002D18BF022F01D0B0
:1052D000012F0AD00220FBF76BF916B0BDEC0E8B44
:1052E00004B0BDE8F04D01F057BA0220FBF760F9B9
:1052F00001F052FA51EC100B04F03AFB41EC100BA8
:1053000016B0BDEC0E8B04B0BDE8F08D18E09FED3B
:10531000BEAB9FEDBF8B002871D1B848804522D12C
:1053200005F1804010F5801008BFBAF1000F07D0DA
:10533000B3450ADC002CA8BF9DED260BE0DA0DE09A
:10534000B0EE490AF0EE690ADAE7002C06DA9DEDC4
:10535000260B51EC100B04F00BFB6FE0AE487844C9
:1053600090ED000BCCE7D8454DD1002C48DA2EB19A
:1053700086423AD1BAF1000F42D126E0BAF1000FCD
:1053800013D00220FBF714F901F042FA8DED020B65
:105390009DED240B8DED000B10EE900A039961F347
:1053A0001E0003909DED020BAAE78DED02AB9DED73
:1053B000240B1AEE901A10EE900A8DED000B61F39B
:1053C0001E0003909DED020B9AE78DED028B9DED83
:1053D000240B18EE901A10EE900A8DED000B61F37D
:1053E0001E0003909DED020B8AE709DA9DED240B68
:1053F00051EC190B53EC102B04F0B4FB1EE020E031
:105400009DED240B7CE786421BDAB4F1804F0DD072
:10541000A4F10050B0F1FF5013D1002D11DB9DED30
:10542000240B51EC100B02F031FE07E09DED240B34
:1054300053EC102B51EC100B00F0C2BC41EC100BE4
:105440005EE79DED240B51EC100B01F0FDFBBAF172
:10545000000FCDE90E0142D19FED710B46B3A6F1CD
:10546000E040B0F17F600CD05E4538D1002D00DA0D
:10547000A7B3022F0CBF01204FF0FF3004F0F9FC5E
:10548000DCE7002D01DD002C0DDA002D01DD002C04
:105490001FDB002D16DA002C14DB012F08BF9FED57
:1054A000620B3FF42DAFB0EE4A0AF0EE6A0A27E72E
:1054B000022F18BF002D0CD0012F0AD1002DFFF6AE
:1054C0001FAF06E0002DB8BF002C08DA012F3FF413
:1054D00017AFB0EE480AF0EE680A11E71BE00120B2
:1054E00000EBE57050EA070115D0791EB0EE498A4D
:1054F000F0EE698A084308BF9FED4D8B4E480025AA
:10550000804570DD4D494E48884514DDB0420DDBC5
:10551000002C19DB2FE00120FBF74AF816B0BDEC98
:105520000E8B04B0BDE8F04D01F062B9B34502DC6A
:10553000002C09DC1FE0864202DA002C1BDA03E0B3
:105540005E452BDD002C16DD0220FBF731F801F063
:105550005FF98DED020B53EC1A2B51EC180B04F094
:10556000EFFCCDE900010399019861F31E0003905F
:105570009DED020BC4E60220FBF71AF801F058F982
:1055800010EE901A18EE900A8DED020B8DED008B47
:1055900061F31E0003909DED020BB1E69DED0E0B35
:1055A00053EC192B51EC100B04F0D6FE9FED260B9B
:1055B000CDE9080153EC102B9DED080B51EC100BBD
:1055C00004F0BEFC9FED221B53EC112B04F0ECFD0C
:1055D0009DED081B53EC112B04F0B2FC9FED1E1B3C
:1055E00053EC112B3CE08CE0FFFF1F00FFFF0F008E
:1055F000000000000000F03F0000F03F0000F07FDE
:105600000000404301FCFFFF000000000000F07FAD
:1056100000000000000000007669000000000000AB
:105620000000000000000080000000000000F0FF0B
:10563000000000000000F0BF0000E0410000F04367
:10564000FFFFEF3F00000000000000000000D03F1F
:10565000555555555555D53F000000000000E03F19
:1056600004F0A2FD9DED080B41EC1A0B53EC102B3E
:1056700051EC100B04F064FC53EC1A2B04F060FCAA
:1056800041EC1A0B9FEDFE0B53EC102B9DED080B1C
:1056900051EC100B04F054FC41EC1B0B9FEDFA0B8A
:1056A00051EC1A0B53EC102B04F04AFC41EC1A0B92
:1056B0009FEDF70B53EC102B9DED080B51EC100BED
:1056C00004F03EFC53EC1A2B04F046FE41EC1A0B9E
:1056D00051EC1B0B53EC1A2B04F088F90690CDE922
:1056E00006519DED060B53EC1B2B51EC100B04F0F7
:1056F00033FE53EC1A2B04F057FD41EC100B00F075
:10570000A1B90020B6F5801F0EDA9FEDE30B53EC34
:10571000102B9DED0E0B51EC100B04F011FCCDE99C
:105720000E016FF034000E4600EB2650A0F2FF375A
:10573000C6F31300DA4940F07F6646F040568842CF
:10574000D8BF002408DDD7498142C8BF012403DC4B
:105750000024A6F580167F1CD348784400EBC400D3
:105760000F9690ED00CB9DED0E0B53EC1C2B51ECE6
:10577000100B04F0F1FD9DED0E0B41EC1B0B53ECF7
:105780001C2B51EC100B04F031F941EC100B51ECD7
:10579000190B53EC102B04F0E5F941EC1D0B51EC07
:1057A0001B0B53EC1D2B04F0CBFB41EC1A0BBF4839
:1057B0008DED10AB7844109590ED000B4FF000503C
:1057C00040EA660000EB84408DED080B00F50020F8
:1057D00009909DED080B53EC1C2B51EC100B04F0C1
:1057E000BBFD9DED0E1B53EC112B04F0DDFC41ECD9
:1057F000100B53EC102B9DED100B51EC100B04F023
:105800009FFB9DED080B41EC1C0B53EC102B9DED09
:10581000100B51EC100B04F093FB53EC1B2B04F01A
:10582000C3FC53EC1C2B04F097FD53EC1D2B04F030
:1058300087FB41EC1C0B53EC1A2B51EC1A0B04F0B8
:105840007FFB41EC1B0B9A480621B0EE4B0AF0EEB1
:105850006B0A784400F07CFDB0EE401AF0EE601A5E
:10586000B0EE41DAF0EE61DA53EC1B2B51EC1B0B7E
:1058700004F066FB53EC1D2B04F062FB9DED100B56
:1058800041EC1B0B53EC1A2B51EC100B04F0AEF84F
:1058900053EC1C2B04F054FB53EC1B2B04F0A6F828
:1058A0009DED100B41EC1B0B53EC102B51EC100B2E
:1058B00004F046FB41EC1D0B9FED7FEB53EC1E2BE0
:1058C00004F094F853EC1B2B04F090F80890CDE909
:1058D00008519DED080B53EC1E2B51EC100B04F0FE
:1058E0003BFD53EC1D2B04F037FD53EC1B2B04F058
:1058F0005BFC9DED080B41EC1D0B53EC102B9DED5B
:10590000100B51EC100B04F01BFB41EC1B0B53EC88
:105910001A2B51EC1D0B04F013FB9DED080B41EC11
:105920001A0B53EC102B51EC1C0B04F009FB53EC3D
:105930001A2B04F05BF841EC1A0B51EC1B0B53ECE7
:105940001A2B04F053F80C90CDE90C519DED0C0B83
:1059500053EC1B2B51EC100B04F0FEFC53EC1A2BF8
:1059600004F022FC41EC1B0B9FED550B53EC102B6C
:105970009DED0C0B51EC100B04F0E2FA41EC1A0B0C
:105980009FED510B51EC1B0B53EC102B04F0D8FA8C
:1059900041EC1B0B9FED4E0B53EC102B9DED0C0BB4
:1059A00051EC100B04F0CCFA53EC1B2B04F01EF856
:1059B00041EC100B4848784400EBC40090ED001B0C
:1059C00051EC100B53EC112B04F010F841EC1B0BB5
:1059D000384604F04EFACDE9080153EC1B2B51EC8C
:1059E0001A0B04F003F841EC100B3C48784400EB30
:1059F000C40090ED00CB51EC100B53EC1C2B03F0CA
:105A0000F5FF9DED081B53EC112B03F0EFFF069003
:105A1000CDE906519DED080B53EC102B9DED060BC7
:105A200051EC100B04F098FC53EC1C2B04F094FC8C
:105A300053EC1A2B04F090FC53EC1B2B04F0B4FB3A
:105A400041EC100B9DED261B53EC102B8DED001B34
:105A500000959DED260B51EC100B04F071FA9DEDB5
:105A6000000B41EC1A0B53EC102B9DED260B51EC67
:105A7000100B04F071FC9DED061B53EC112B2FE075
:105A8000000000604715F73FFE822B654715F73F82
:105A900044DF5DF80BAE543E0000000000004043C0
:105AA0008E9803007AB60B00F264000020650000B7
:105AB0002A64000000000000000000000000084010
:105AC000000000E009C7EE3FFD033ADC09C7EE3FE6
:105AD000F5015B14E02F3EBEB6620000706200006C
:105AE00004F02EFA53EC1A2B03F080FF9DED060B09
:105AF00041EC1A0B53EC102B9DED000B51EC100BED
:105B000004F01EFACDE90C019DED0C0B51EC1A0BC3
:105B100053EC102B03F06AFFCDE902010C46AA49B1
:105B20008C422FDB611A084318D19DED0C0B53EC0E
:105B3000102B9DED020B51EC100B04F00DFC41EC11
:105B40001B0B9FEDA30B51EC1A0B53EC102B03F026
:105B50004DFF53EC1B2B04F0F1FA2DD20220FAF783
:105B600027FD00F055FE10EE901A18EE900A8DED0C
:105B7000020B8DED008B61F31E0003909DED020B77
:105B8000FFF7BEBB944A24F00041914214D39349DD
:105B9000214408437FF4EFAC9DED0C0B53EC102B2C
:105BA0009DED020B51EC100B04F0D6FB53EC1A2BBD
:105BB00004F0C4FA7FF6DFAC24F000408849894A3B
:105BC000002601EB205182422BDA481C4FF4801151
:105BD00021FA00F02044844AC0F30A517A44A1F229
:105BE000FF3192ED000B814A8DED080BCA4020EA8F
:105BF0000202C0F3130040F48010C1F1140120FA36
:105C000001F60992002CB8BF76429DED080B53ECCB
:105C1000102B9DED0C0B51EC100B04F09DFBCDE90E
:105C20000C019DED0C0B51EC1A0B53EC102B03F0F7
:105C3000DDFE9FED6F0B0890CDE9085153EC102B62
:105C40009DED080B51EC100B04F07AF941EC1B0BA5
:105C50009FED690B53EC102B9DED080B51EC100BD5
:105C600004F06EF99DED0C0B41EC1C0B53EC102B6A
:105C70009DED080B51EC100B04F06EFB53EC1A2B4E
:105C800004F092FA9FED5E1B53EC112B04F058F9CF
:105C900053EC1C2B03F0AAFE41EC1A0B51EC1B0B2E
:105CA00053EC1A2B03F0A2FECDE902019DED020B8D
:105CB00053EC1B2B51EC100B04F04EFB53EC1A2B46
:105CC00004F072FA9DED020B41EC1A0B53EC102B11
:105CD00051EC100B04F034F9CDE908014A489DED70
:105CE000080B0521784400F033FB9DED081B51ECB7
:105CF000100B53EC112B04F023F99DED021B53EC18
:105D0000112B04F051FACDE906019DED020B53EC85
:105D10001A2B51EC100B04F013F953EC1A2B03F06F
:105D200065FE9FED3B0B41EC1A0B53EC102B9DEDE8
:105D3000060B51EC100B04F00FFB9DED060B41EC34
:105D40001B0B53EC102B9DED020B51EC100B04F0D0
:105D5000F7F853EC1B2B03F005FF53EC1A2B04F060
:105D6000FBFA9DED021B53EC112B04F0F5FA53ECFA
:105D7000192B04F019FACDE9020101EB06500115C7
:105D80000029C8BF039015DC9DED020B324651EC93
:105D9000100B04F078FCFFF793F8042808BF00F01C
:105DA00047FD32469DED020B51EC100B04F06BFCED
:105DB000CDE902019DED020B51EC180B53EC102BB9
:105DC00004F0BEF8FFF73ABB00009040000000006E
:105DD000FE822B654715973C00CC904000346F3F06
:105DE00001FCFFFF0000E03FF8600000FFFF0F0034
:105DF00000000000432EE63F396CA80C615C20BE19
:105E0000EF39FAFE422EE63FC85F000000000000B6
:105E1000000000000000004000B52DED048BB0EE46
:105E2000409AF0EE609A83B051EC190B04F0C8F977
:105E300041EC180B18EE100A18EE901A8DED008B3D
:105E4000002818BF0120084320F00040C0F17F6007
:105E500000F1E040C00F14D019EE101A19EE900AAC
:105E60008DED009B002918BF0121084320F0004060
:105E7000C0F17F6000F1E040C00F04BF0120FAF7DD
:105E800097FBB0EE480A03B0F0EE680ABDEC048B55
:105E900000BD00000000000010B51D499FED1A1B59
:105EA0002DED020B84B0059820F000408842DCBF45
:105EB00001209DED040B21DD1649884209D104988B
:105EC00040B94FF00100FAF773FB00F091FC06B007
:105ED00010BD05DB9DED040B00F076FC06B010BD97
:105EE00068469DED040B00F017F800F00100012159
:105EF000A1EB40009DED021B9DED000B00F0A4FA0C
:105F000006B010BD0000000000000000000000000E
:105F1000FB21E93F0000F07F2DE9F14F04462DED14
:105F2000020B2DED088B8AB09FEDE70B80ED020B85
:105F3000139EE74826F0004585420ADC9DED120BD2
:105F4000002084ED000B0AB0BDEC088B03B0BDE867
:105F5000F08FE0489FEDE0AB9FEDE1BBA84247DD4D
:105F6000E14F9FEDE39B9FEDE48B9DED120B53EC16
:105F70001A2B51EC100B002E1CDD04F0EDF941EC56
:105F8000100BBD4208D053EC1B2B51EC100B04F04E
:105F9000E3F9C4E900010BE053EC192B51EC100BB1
:105FA00004F0DAF953EC182B04F0D6F9C4E9000137
:105FB0000120C8E703F01AFD41EC100BBD4208D0E8
:105FC00053EC1B2B51EC100B03F010FDC4E9000146
:105FD0000BE053EC192B51EC100B03F007FD53ECC5
:105FE000182B03F003FDC4E900014FF0FF30AAE7CE
:105FF000C348A84279DB9DED120B51EC100B00F069
:1060000023FE41EC180B9FEDC00B53EC102B03F05B
:1060100097FF9FEDBF1B53EC112B03F0E7FC03F040
:10602000F9FE074603F025FF41EC190B53EC1A2B40
:1060300003F086FF53EC182B04F0B6F841EC180B74
:1060400053EC1B2B51EC190B03F07AFFDFF8C8A2BD
:1060500041EC100B4FEA15580125FA4453EC102B74
:1060600051EC180B04F078F9032DC4E900013DD080
:10607000C1F30A5005EB4511A8EB0000113981422C
:1060800034DA0AEB051BB0EE48AA9BED000BF0EEEC
:1060900068AA53EC102B51EC190B03F051FF41ECA3
:1060A0001B0B51EC1A0B53EC1B2B04F055F941EC74
:1060B000180B51EC1A0B53EC182B04F04DF953EC60
:1060C0001B2B04F049F99BED020B41EC1A0B53EC2E
:1060D000102B51EC190B03F033FF53EC1A2B04F087
:1060E0003BF941EC100B6D1CB8E70EE0002EA8BF89
:1060F0003846BFF628AF94ED000B51EC100B03F0BF
:1061000037FCC4E9000178421DE7C6F3130040F4F0
:10611000801EC6F30A50A0F2F530471100F01F05AB
:10612000C5F12000DDF848B00890002006900790E7
:106130000520EC467949002D07EB0002794408BFA1
:1061400051F8221009D051F8223001EB8201AB4006
:106150004A68089922FA01F11943A1FB0E26A1FB16
:106160000B131A449A4234BF0123002303EB0608A1
:106170000CEB8003D3E901A60E448E4234BF01210B
:10618000002192448A4411B1924502D903E092451C
:1061900001D2012100E00021C3E901A641444CF8ED
:1061A0002010011EA0F10100C4DC029800F1005093
:1061B000850F0298DDE903678000DDF8148003F0A5
:1061C00058FE41EC1A0B304603F06AFE9FED541B5B
:1061D00053EC112B03F0B4FE41EC1B0B384603F0DB
:1061E0005FFE9FED511B53EC112B03F0A9FE41EC18
:1061F000180B404603F054FE9FED4D1B53EC112B42
:1062000003F09EFE41EC190B51EC180B53EC192BCB
:1062100003F0ECFB53EC1B2B03F0E8FB53EC1A2BC5
:1062200003F0E4FBCDE90801002008909DED080B88
:1062300053EC1A2B51EC100B04F08EF853EC1B2B83
:1062400004F08AF853EC182B04F086F853EC192B61
:1062500003F0AAFF9FED381B53EC112B03F070FEE7
:106260009FED370B41EC180B53EC102B9DED080BF9
:1062700051EC100B03F064FE53EC182B03F0B6FB4B
:106280009FED310B41EC180B53EC102B9DED080BDF
:1062900051EC100B03F054FE53EC182B03F0A6FB4B
:1062A00041EC100B139810F0004F06D06D4251ECEA
:1062B000100B03F05DFB41EC100B284684ED000B46
:1062C00041E60000000000000000000000000000A7
:1062D000FB21E93F7CD9024000004054FB21F93FFB
:1062E0003163621A61B4D03DFB21F93F0000000028
:1062F0000000601A61B4D03D7370032E8A19A33B6D
:10630000FB2139410000000083C8C96D305FE43FC4
:10631000000000000000E03F825C0000D05B000055
:10632000000000000000103E000000000000103CD3
:10633000000000000000103A182D4454FB21F93DE4
:106340003326A611460B113C00000054FB21F93DF9
:1063500070B504462DED028B4D1E00EBC500B0EE6E
:10636000408AF0EE608A90ED000B35F0060017D001
:1063700053EC182B51EC100B03F0E2FD41EC100B29
:106380006D1E04EBC50090ED001B51EC100B53EC9F
:10639000112B03F02BFB41EC100B35F00600E7D17D
:1063A000022D36D0042D1CD0062D1CBFBDEC028B57
:1063B00070BD53EC182B51EC100B03F0C1FD94EDA4
:1063C0000A1B53EC112B03F011FB53EC182B03F0B9
:1063D000B7FD94ED081B53EC112B03F007FB41ECC8
:1063E000100B53EC182B51EC100B03F0A9FD94ED9E
:1063F000061B53EC112B03F0F9FA53EC182B03F0A6
:106400009FFD94ED040B53EC102B03F0EFFA41ECDD
:10641000100B53EC182B51EC100B03F091FD94ED85
:10642000021B53EC112B03F0E1FA53EC182B03F091
:1064300087FD94ED001B53EC112B03F0D7FABDEC54
:10644000028B41EC100B70BDF1B506462DED040B2F
:10645000BD482DED0C8B8AB0B0EE418AF0EE618A1A
:10646000179D25F000449FEDBABB9FEDBBCB844246
:1064700008DA9DED160B51EC100B03F0CBFC002855
:1064800000F0E980B64FA74231DC002D0DDA9DED1A
:10649000160B51EC100B03F06BFACDE9160151EC21
:1064A000180B03F065FA41EC180B9FEDAF0B53ECA2
:1064B000102B9DED160B51EC100B03F075FE53ECF9
:1064C000182B9FEDAB0BCDE9040151EC100B03F041
:1064D00043FF41EC100B53EC102B9DED040B51ECE2
:1064E000100B03F083FA9FEDA48BCDE916019DED0F
:1064F000160B53EC102B51EC100B03F021FDCDE9E2
:1065000004019DED040B53EC102B51EC100B03F028
:1065100017FD41EC190B9A480621B0EE490AF0EE3E
:10652000690A7844FFF714FF9648B0EE40DAF0EEBF
:1065300060DAB0EE490AF0EE690A06217844FFF706
:1065400007FF9DED041B51EC100B53EC112B03F0D6
:10655000F7FC9DED040B41EC1A0B53EC102B9DED59
:10656000160B51EC100B03F0EBFC41EC190B53EC48
:106570001A2B51EC1D0B03F039FA53EC192B03F0D5
:10658000DFFC53EC182B03F031FA9DED041B53ECA8
:10659000112B03F0D5FC53EC182B03F027FA41EC38
:1065A000180B9FED790B51EC190B53EC102B03F0EA
:1065B000C7FC53EC182B03F019FA41EC190B9DEDB5
:1065C000160B53EC192B51EC100B03F00FFA41ECA6
:1065D000180BA74269DC304603F04BFC41EC1A0B68
:1065E00051EC180B53EC1A2B03F000FA41EC1B0B87
:1065F00053EC182B51EC180B03F0A2FC53EC1B2BA3
:1066000003F0B0FA53EC192B03F0A6FE9DED161B18
:1066100053EC112B03F0C8FD9FED5D1B53EC112BC8
:1066200003F08EFC53EC1A2B03F0BEFD41EC180B6B
:10663000022000EAA570C0F1010003F01AFC53EC3F
:10664000182B03F07DFC00BF41EC100B0AB0BDEC31
:106650000C8B05B0F0BD711C1698214308430CD07B
:106660009DED160B012E1CBF53EC102B51EC1C0B97
:1066700010D000BF03F076FAE6E79DED160B51EC63
:10668000100B00F0E1FA41EC100B51EC1B0B53EC3A
:10669000102BEFE751EC100BFEF712FC042808BF9B
:1066A00000F0C6F89DED160BD0E7012E04BFB0EE4A
:1066B000480AF0EE680AC9D08DED048B00240494DA
:1066C0009DED040B53EC102B9DED160B51EC100BB4
:1066D00003F06AFD53EC192B03F066FD41EC190B36
:1066E00053EC182B51EC1C0B03F03CFA41EC180B4B
:1066F0008DED008B00949DED040B53EC102B9DED64
:10670000000B51EC100B03F01BFC53EC1B2B03F0A4
:106710006DF99DED000B41EC1A0B53EC192B51EC6C
:10672000100B03F00DFC53EC1A2B03F05FF953EC44
:10673000182B03F005FC9DED001B53EC112B03F00F
:1067400055F981E7000000000000303E0000000025
:10675000000000000000F03F000000000000F0BF5B
:106760002894E53F00000000182D4454FB21E93F28
:10677000075C143326A6813C0000000000000000E6
:106780008258000098580000635555555555D53F1F
:1067900000000000000000409FED070B10B553EC17
:1067A000102B9FED070B51EC100B03F0DBF941ECC4
:1067B000100B10BD000000000000000000000000F1
:1067C000000000000000F03F10B553EC102B51EC1E
:1067D000100B03F00BF941EC100B10BD10B553EC8E
:1067E000112B51EC100B03F001F941EC100B10BD13
:1067F0009FED050B10B553EC102B51EC100B03F073
:10680000B1F941EC100B10BD0000000000000000C9
:106810009FED050B10B553EC102B51EC100B03F052
:106820008FFB41EC100B10BD000000000000007059
:106830009FED050B10B553EC102B51EC100B03F032
:106840007FFB41EC100B10BD0000000000000010A9
:106850007047000030B5204AD2F800421F4B00219B
:106860002CB1D981D2F80052012425B106E0DC898F
:10687000641CDC81F6E71D7905B91C715D794DB9A1
:106880001D79012D03D19D796D1C9D715C719C79E1
:10689000022C04D0D2F80022012A04D005E099711C
:1068A0009981022030BD197159719A79012A11D14B
:1068B0009A89521C92B29A81824206D9DA8982421E
:1068C00003D299719981012030BDDA89824201D9C0
:1068D00099719981002030BD0000424220000020C3
:1068E00008B500F0D1F900903221684602F03EF878
:1068F00000F00AF8FEF702F8FEF7A8F9FEF7B4F97F
:10690000FAF7A6FCF0E700002DE9F041914C7B205E
:106910002DED068BF5EE004AF6EE00AA20767D20DE
:10692000DFF838828E4E84F82E00D8ED000A96EDFE
:10693000001A8C4F8C4970EE811A97ED003AD1ED18
:10694000002A854831EE830A884A0078884B30EE69
:10695000220A20EE240A9FED878A61EEAA1A92EDA0
:10696000002A20EE080A002561EE881A0628FDEEAE
:10697000C03A93ED000AFDEEE11A32EE004A31EE24
:10698000602A6FD2DFE800F003209898879830EEF5
:10699000C10A13EE900A608330EE030A30EE620AF9
:1069A00020EE240A20EE080ABDEEC00A10EE100AFE
:1069B000B1EE600AA08330EE410A30EE030A30EEF9
:1069C000220A20EE240A74E09FED6B0BFFF724FAF5
:1069D0009FED6B1B51EC100B53EC112B03F0B0FA35
:1069E00097ED00AAD6ED008A41EC190B3AEE680A41
:1069F00020EE2A0A10EE100A03F098FD53EC192B32
:106A000003F0B0F89FED601B53EC112B03F098FAE4
:106A100003F000FA608398ED000AB0EE001AF0EE81
:106A2000680A50EE010A30EE280A70EECA1AF0EE3B
:106A3000080A81EEA01A21EE081ABDEEC11A11EE65
:106A4000100A30EE0A1AA083514881EE200A90ED18
:106A5000001AC0EE010A20EE880ABDEEC00A10EE50
:106A6000100AE0834B48DFF830C14C4FB0F90230D8
:106A70006384018849420AB2A284B0F90410E18417
:106A8000BCF902002085BCF80060764236B266850B
:106A90003F78C7B119E0B1EE410A13EE900A30EE2B
:106AA000600A6083A58330EE030A30EE220A20EEEE
:106AB0002A0AC0EE040ACEE7C2EE000A11EE900ADE
:106AC0006083A583C7E7BCF80450A585344D95EDD8
:106AD000000A20EE080ABDEEC00A10EE105A258406
:106AE00094F818C084F800C06770678B4FEA172CC1
:106AF00084F802C0E770A78B4FEA172C84F804C013
:106B00006771E78B4FEA172C84F806C0E7711F0AFC
:106B100027726372130AA372E2720A0A2273617304
:106B2000010AA173E073300A20746674A08D010A13
:106B3000A174E074280A2075657501211620FAF702
:106B4000B3FBA07594F82E00E075BDEC068BBDE894
:106B5000F08100007606002045010020205A002028
:106B6000345A0020485A00205C5A00208801002036
:106B70008401002000007A4400000000000008406A
:106B8000000000000000E03F0000000000408F40D7
:106B90008C0100200E020020080200204401002089
:106BA0001800002010B504460420FCF7D1FE0A4866
:106BB0004FF47A71047014FB01F1012242804FF00E
:106BC000E020026942F0020202614161016941F084
:106BD0000101016110BD0000B400002070B5044641
:106BE00002F06AFC01280CD0094D6888844203D366
:106BF000B4FBF0F001F084FE6888B4FBF0F100FB18
:106C000011444FF47A706043BDE8704000F002B860
:106C1000B400002070B54FF0E02500216C69094AEE
:106C2000AB6912785043AA699A42FCD002D2A3EB16
:106C3000020302E0A4EB02063344194413468142E6
:106C4000F1D370BDB400002082B0CDE9000121F085
:106C5000004001909DED000B02B051EC100B70470D
:106C6000B5EEC00AF1EE10FA01DAB1EE400A704753
:106C700004490A885206FCD5024AC1B2121D11808D
:106C8000704700000044004010B502F015FC0128D8
:106C900003D0BDE8104002F01DBC0148406810BDA3
:106CA000B4000020054C064DD4F8B002C043C4F82F
:106CB000B002286801F024FEF6E700000000404220
:106CC000340000201CB501F091FA07490120CDE9FC
:106CD00000010202002305A1074802F0C1FB01F0F8
:106CE000C5FF00201CBD000000000020737461720D
:106CF000745F7461736B0000FD800008034601201F
:106D000000E05843491EC9B2FBD270472DE9F04359
:106D10004FF4AD702DED028B81B0FE4C0A21206046
:106D20000920FBF7C9F8216890FBF1F0052800DD88
:106D30000520F94991ED000ADFEDF80ADFF8E0934C
:106D4000F84920EE200ABDEEC00A89ED050AD9F8FF
:106D50001020521CC9F810200968002977D1062894
:106D60000BD2DFE800F003051A1C1E20EEA200E0A3
:106D7000EFA200210846FBF703FFEF4FEF4E0C2474
:106D8000387890B1012810D002282DD003282BD0BC
:106D9000042829D0052827D04CE3E9A2E9E7EAA294
:106DA000E7E7EBA2E5E7ECA2E3E7EDA2002137205D
:106DB000FBF7E6FEB6F90400002809DAE9A2002193
:106DC0005020FBF7DDFE0094B6F90400424207E0D4
:106DD000E5A200215020FBF7D3FE0094B6F9042071
:106DE000052300215A201EE0E0A200213720FBF7F6
:106DF000C7FEE04DB5F90400002809DAD9A2002148
:106E00005A20FBF7BDFE0094B5F90400424207E0AA
:106E1000D5A200215A20FBF7B3FE0094B5F9042057
:106E2000032300216420FBF76FFE38789FEDD28AA0
:106E3000DFEDD28AD24D58B1012809D0042807D0FD
:106E4000022850D003284ED005284CD0F2E252E35D
:106E5000CCA20A210020FBF793FE95ED020AB5EEC5
:106E6000C00AF1EE10FA0AD2BEA20A210F20FBF7E7
:106E700087FE009495ED020A20EE080A09E0BAA206
:106E80000A210F20FBF77CFE009495ED020A20EE0C
:106E9000280A05230A211420BCEEC00A10EE102A8D
:106EA000FBF732FE95ED000AB5EEC00AF1EE10FADE
:106EB0000AD2ACA20A213C20FBF762FE009495EDB9
:106EC000000A20EE080A09E0A7A20A213C20FBF7ED
:106ED00057FE009495ED000A20EE280ABCEEC00A89
:106EE00010EE102A1AE0A8A20A210020FBF748FEA3
:106EF000B6F90400002809DA9AA20A213C20FBF71F
:106F00003FFE0094B6F90400424207E096A20A212F
:106F10003C20FBF735FE0094B6F9042005230A2136
:106F20004B20FBF7F1FD3878994EB84650B1012857
:106F300008D0042806D002287DD003287BD005285D
:106F400079D077E293A214210020FBF719FE96ED89
:106F5000020AB5EEC00AF1EE10FA0AD281A214219B
:106F60000F20FBF70DFE009496ED020A20EE080AB2
:106F700009E07DA214210F20FBF702FE009496ED9C
:106F8000020A20EE280A142105230846BCEEC00A96
:106F900010EE102AFBF7B8FD96ED000AB5EEC00A18
:106FA000F1EE10FA0AD26FA214213C20FBF7E8FDA3
:106FB000009496ED000A20EE080A09E06AA2142166
:106FC0003C20FBF7DDFD009496ED000A20EE280A38
:106FD000052314214B20BCEEC00A10EE102AFBF74B
:106FE00093FD6DA21E210020FBF7CAFD6B4F97EDAC
:106FF000020AB5EEC00AF1EE10FA0AD259A21E2119
:107000000F20FBF7BDFD009497ED020A20EE080A61
:1070100009E055A21E210F20FBF7B2FD009497ED69
:10702000020A20EE280A05231E211420BCEEC00A05
:1070300010EE102A00E01AE0FBF766FD97ED000A5B
:10704000B5EEC00AF1EE10FA08D246A21E213C208D
:10705000FBF796FD009497ED000ADEE042A21E21A8
:107060003C20FBF78DFD009497ED000AE1E04CA277
:1070700014210020FBF784FD95ED020AB5EEC00A4D
:10708000F1EE10FA0AD237A214210F20FBF778FD97
:10709000009495ED020A20EE080A09E032A21421BC
:1070A0000F20FBF76DFD009495ED020A20EE280AF3
:1070B000142105230846BCEEC00A10EE102AFBF787
:1070C00023FD95ED000AB5EEC00AF1EE10FA0AD2E2
:1070D00024A214213C20FBF753FD009495ED000AF7
:1070E00020EE080A09E020A214213C20FBF748FD0D
:1070F000009495ED000A20EE280A052314214B2068
:10710000BCEEC00A10EE102AFBF7FEFC1E2125A2E1
:10711000002049E068010020180000200000C8425B
:10712000EC0100205C0100204D65632000000000A0
:107130004F6D6E690000000045010020080200202C
:10714000416B6D200000000044696666000000008D
:10715000345744200000000054616E6B00000000B2
:10716000475A00002D0000002B0000004249415307
:10717000000000001402002000007AC400007A44DD
:10718000205A0020410000004759524F5F5A3A00F0
:10719000345A00204200000043000000485A0020FA
:1071A0004C3A0000523A0000FBF7EAFC96ED020A66
:1071B000B5EEC00AF1EE10FA0BD2AFF258021E2162
:1071C0000F20FBF7DDFC009496ED020A20EE080A82
:1071D0000AE0AFF26C021E210F20FBF7D1FC0094F5
:1071E00096ED020A20EE280A05231E211420BCEE8B
:1071F000C00A10EE102AFBF787FC96ED000AB5EEE8
:10720000C00AF1EE10FA0BD2AFF2A8021E213C2008
:10721000FBF7B6FC009496ED000A20EE080A0AE09F
:10722000AFF2BC021E213C20FBF7AAFC009496EDB5
:10723000000A20EE280A05231E214B20BCEEC00ABE
:1072400010EE102AFBF760FC98F8000050B10428FB
:1072500008D0012859D0022878D0032875D00528F5
:1072600073D0E7E0A8A228210020FBF789FCA74DF6
:1072700095ED020AB5EEC00AF1EE10FA0BD2AFF2AC
:107280001C1228210F20FBF77BFC009495ED020ACD
:1072900020EE080A0AE0AFF2301228210F20FBF797
:1072A0006FFC009495ED020A20EE280A05232821A0
:1072B0001420BCEEC00A10EE102AFBF725FC95ED59
:1072C000000AB5EEC00AF1EE10FA0BD2AFF26C1262
:1072D00028213C20FBF754FC009495ED000A20EE99
:1072E000080A0AE0AFF2801228213C20FBF748FC94
:1072F000009495ED000A20EE280ABCEEC00A10EEBC
:10730000102A052328214B2092E081A22821002069
:10731000FBF736FC804DB5F91A0000280ADAAFF207
:10732000BC1228213C20FBF72BFC0094B5F91A0075
:107330004242E6E7AFF2D01228213C20FBF720FCC6
:107340000094B5F91A20DCE700E01FE073A22821C1
:107350000020FBF715FC734D286800280ADAAFF20D
:10736000FC1228213C20FBF70BFC00942868042326
:10737000424208E0AFF2102228213C20FBF700FC3B
:1073800000942A6804232821502051E066A2282175
:107390000020FBF7F5FB95ED010AB5EEC00AF1EE12
:1073A00010FA0BD2AFF2442228211420FBF7E8FB9D
:1073B000009495ED010AB1EE400A08E0AFF25822C0
:1073C00028211420FBF7DCFB009495ED010A04232F
:1073D0002821BCEEC00A1E2010EE102AFBF794FBF9
:1073E00052A228213C20FBF7CBFB96ED010AB5EE1B
:1073F000C00AF1EE10FA0BD2AFF2982228215020E9
:10740000FBF7BEFB009496ED010AB1EE400A08E0DE
:10741000AFF2AC2228215020FBF7B2FB009496ED8E
:10742000010A04232821BCEEC00A5A2010EE102ABB
:10743000FBF76AFB3E480078012813D03D480078EE
:10744000012811D03C48007801280FD03B48007833
:1074500001280DD03A483B4900780978084309D003
:1074600039A208E03AA206E03BA204E03CA202E016
:107470003DA200E03EA232210020FBF781FB3E4806
:10748000D0F80C02012802D13C480078D0B33CA2CD
:1074900032212D20FBF774FBD9F81400642590FBF2
:1074A000F5F24E46022332214B200094FBF72CFBD1
:1074B00034A232215820FBF763FB7069022390FB52
:1074C000F5F105FB1102322162200094FBF71CFB51
:1074D0002DA232216E20FBF753FB706990FBF5F172
:1074E00005FB11000A2806DA0223002232215C2063
:1074F0000094FBF709FB01B0BDEC028BBDE8F04343
:10750000FBF79CBA21A2C3E7440000005C5A0020AC
:107510004D4F56455F5A000076060020534552569F
:107520004F3A00006C0100204D4100004D42000028
:107530005401002055010020560100205701002071
:107540009001002091010020555341525400000049
:1075500050533220200000004150502020000000F5
:10756000522D43202000000043414E202000000007
:10757000524F53202000000000804142440100206F
:107580004F4646002E000000560000004F204E00DF
:107590002DE9F041184E0F460446F5683068001D8D
:1075A00001F024F838B9306890F82C100120884098
:1075B000316981433161601C07D137B13168BDE861
:1075C000F0410E48091D01F049B830682C44AC4226
:1075D0004460316805D2B06BBDE8F041091D01F08F
:1075E00025B8706B091D01F021F8B06A844200D201
:1075F000B462BDE8F0810000D0000020D80900206E
:107600002DE9F041054601F035F82D4EB068401CDB
:10761000B06030682B4F10B1706930B32BE035602B
:10762000B068012827D1002404EB840007EB800018
:1076300000F0EEFF641C202CF6D3234800F0E8FF96
:107640002148143000F0E4FF1F48283000F0E0FF2C
:107650001D483C3000F0DCFF1B48503000F0D8FFE4
:10766000194870631430B06305E03068E96AC06A95
:10767000884200D83560706A0121401C70626864DD
:10768000E86A326981401143316100EB800007EB09
:107690008000291D00F0E2FF01F028F87069002841
:1076A0000CD03068E96AC06A884207D207494FF0B7
:1076B00080500860BFF34F8FBFF36F8FBDE8F0813C
:1076C000D0000020080700208809002004ED00E019
:1076D00010B500F0CFFF0E4C2068A0B90D4800F0A7
:1076E00097FF0C48143000F093FF0A48E060143014
:1076F000206100221021052001F0E8FB206010B17C
:1077000005A101F0C9F8BDE8104000F0EFBF00008E
:107710000C010020EC090020546D725100000000A3
:1077200070B5124E124D1CE001F0EAFA306820B13B
:10773000002401F0EFFFA4B901E00124F9E700F013
:1077400099FFF068C468201D00F050FFA868401E33
:10775000A8606868401E686000F0C8FF204600F01E
:1077600052F868680028DFD170BD0000C40900200D
:10777000D000002030B4026C0B46002A0BD0C16848
:107780001144C1604468A14201D30168C16030BCAA
:107790001846F8F795BE30BC70472DE9F041856B6F
:1077A000174604460026026C82B1C7B1E068F8F7BC
:1077B00087FEE168206C091AE1602268914202D2DA
:1077C0006168081AE060022F16D017E02068A8B997
:1077D000606801F0F9FE0646002060600EE0A068D7
:1077E000F8F76EFE216CA0680844A06061688842CA
:1077F00004D32068A06001E005B16D1E6D1CA56377
:107800003046BDE8F08110B50446006B00F0A0FFE3
:107810002046BDE8104000F09BBF000010484FF428
:10782000A041420706D0C01D0D4920F00700411AB3
:10783000C1F5A0410B4A00230144C2E90003083905
:10784000103A21F0070111604B600B600B1AC0E980
:10785000001393604FF000405360D0607047000009
:10786000140A00203C010020074E4FF08054074DC1
:10787000FFF756FF30680128FAD92C60BFF34F8F0D
:10788000BFF36F8FF4E700000807002004ED00E06D
:107890002DE9F047DDE909840E461746824691003E
:1078A0009946089DA522206BF8F74FFE6FF0030163
:1078B000206B01EB8701084420F00707780705D00B
:1078C00040F22B3219A11EA0F8F754FD0020221817
:1078D000315C82F83410315C11B1401C1028F6D3B1
:1078E000002684F84360202D00D31F25E562C4E9FB
:1078F0001356201D00F097FE04F1180000F093FECF
:107900002461C5F120006462A061666584F8586056
:107910004A465146384600F00FFB2060B8F1000F90
:1079200001D0C8F80040BDE8F08700002E2E5C466C
:1079300072656552544F535C7461736B732E6300B0
:107940004572726F723A25732C25640D0A0000008F
:1079500030B5114900E011460A688242FBD34B68FA
:107960005C18844203D14068184448600846436864
:107970001C18944209D1084C103C2468A24209D03A
:1079800052681A4442600A6812680260814200D05C
:10799000086030BD0460F9E73C01002070B50024A8
:1079A00041600B4D0061914206D8D11A8269914223
:1079B00006D2011D286907E09A4203D2994201D3F9
:1079C000012403E0011DE86800F030FE204670BD90
:1079D0000C01002010B5044600F04CFEA06B20B155
:1079E000002400F083FE204610BD0124F9E70000CA
:1079F0002DE9F34100980F460026846C2CB940F61F
:107A0000CE1216A11AA0F8F7B5FCA06BE16B884264
:107A100005D340F6CF1211A115A0F8F7ABFCA06B6F
:107A2000E16B88420CD294F945503A4669462046AB
:107A3000FFF7B3FE0646681C05D06D1C84F8455060
:107A40003046BDE8FC81606A0028F9D004F12400CA
:107A500001F014FE0028F3D00126F1E72E2E5C463B
:107A600072656552544F535C71756575652E630080
:107A70004572726F723A25732C25640D0A0000005E
:107A8000F8B5054614480E46C068C068C468201D95
:107A900000F0ACFDE069012817D1A0692B4641191F
:107AA00032462046FFF77AFF78B1002003460146B0
:107AB00000902A46204601F013FF30B907494FF4E1
:107AC000027201F11800F8F755FC616A01B0204616
:107AD000BDE8F040084700000C0100204498000871
:107AE00070B586B02F4E53E00198002806DADDE924
:107AF0000301029A90470198002849DB039C6069C2
:107B000010B1201D00F072FD05A800F0A7F8054691
:107B100001980A283CD2DFE800F00505053B27382C
:107B200005053B270298A169034601442A462046E1
:107B3000FFF734FF00282BD0616A20468847E069B0
:107B4000012825D1002000900298A1690023421845
:107B50001946204601F0C4FED0B940F2213212A1EC
:107B600017A0F8F707FC13E00298A06128B94FF4BA
:107B70004E720DA112A0F8F7FDFBA0692B4641192A
:107B80001A462046FFF70AFF02E0204600F0E0FD1B
:107B900000231A4601A9306801F0D4F90028A3D1C6
:107BA00006B070BD0C0100202E2E5C467265655239
:107BB000544F535C74696D6572732E63000000004E
:107BC0004572726F723A25732C25640D0A0000000D
:107BD000F8B50D46064601F093F8684600F03EF809
:107BE0000446009810B101F095FDF8BD1148ADB103
:107BF00001690968D9B10025311B2A46006800F0E7
:107C00005DFE01F087FD0028EFD10B494FF0805059
:107C10000860BFF34F8FBFF36F8FF8BDA642EBD85C
:107C200001F078FD21463046FFF72AFFF8BD012517
:107C3000E2E700000C01002004ED00E00648416B83
:107C4000096829B1416BC968C96849688162704790
:107C50004FF0FF31FAE70000D000002070B5054674
:107C600001F038FC064E0446B068844203D200F0AE
:107C700009F8012000E0002028602046B46070BDB3
:107C80000C010020F8B5184E26E0C068C4680568ED
:107C9000201D00F0ABFC616A20468847E06901289E
:107CA0001AD1A0692844A84206D924616060211D28
:107CB000F06800F0BBFC0FE0002003460146009096
:107CC0002A46204601F00CFE30B9084940F29232B3
:107CD00001F11800F8F74EFBF06801680029D4D1D3
:107CE0003169C6E90310F8BD0C0100204498000872
:107CF00008484068401C05D040F20F1206A111A0B0
:107D0000F8F738FB502080F31188BFF34F8FBFF393
:107D10006F8FFEE7200100202E2E5C4672656552B3
:107D2000544F535C706F727461626C655C52564460
:107D3000535C41524D5F434D34465C706F72742EFC
:107D4000630000004572726F723A25732C25640D32
:107D50000A000000084CE068016839B1002139B11F
:107D60000020FFF735FFFFF7BBFEF4E70121F6E740
:107D7000C0680068F5E700000C0100202DE9F04123
:107D8000044600F077FC94F9455004F1240610E015
:107D9000A06C20B100212046FFF72AFE04E0606AB3
:107DA00048B1304601F06AFC08B100F09BFE6D1E40
:107DB0006DB2002DECDC4FF0FF3684F8456000F02A
:107DC00095FC00F057FC94F9445004F1100709E0C9
:107DD000206948B1384601F051FC08B100F082FE3C
:107DE0006D1E6DB2002DF3DC84F84460BDE8F041F7
:107DF00000F07CBC08B5FEF747FF00900A216846FA
:107E000000F0B4FDFAF7F2FFF8E700002DE9F041C9
:107E10000546002600F074FF324F386808B9FFF7B6
:107E2000FDFCF86805424FD1002D4DD0083568079C
:107E30000BD005F00700C0F108000544680704D026
:107E4000BF2229A132A0F8F795FA002D3CD078681E
:107E5000854239D8234910310846046801E021469B
:107E600004466068A84202D220680028F7D138682A
:107E7000B846844228D00E682068086060680836DA
:107E8000401B10280ED96719780704D0EC2216A1E0
:107E90001FA0F8F76FFA6068401B7860384665608D
:107EA000FFF756FD6168D8F804004246401AC8F84A
:107EB0000400D8F80830984200D29060D8F80C003E
:107EC00001430020C4E9000101F024FC700705D043
:107ED0004FF4967204A10EA0F8F74CFA3046BDE8B4
:107EE000F08100002C0100202E2E5C467265655248
:107EF000544F535C706F727461626C655C4D656D5C
:107F00004D616E675C686561705F342E63000000D0
:107F10004572726F723A25732C25640D0A000000B9
:107F20000449086818B10868026D521C02650868A7
:107F300070470000D000002010B5031F4FF0807480
:107F40001C601B1F21F001011960191F044B0B60FD
:107F500014390A60091F6FF0020244380A6010BD2C
:107F6000F17C000808B5FEF78FFE3F4E3F4FDFF86B
:107F700000B1404D4FF001094FF000084FF0020AE8
:107F8000009000246421684600F0F0FC3A48006844
:107F9000322801DA484603E03338312802D240461D
:107FA000C6F8A002A86801280BD0E868012808D00C
:107FB0006868052809DA401C6860052805DA484623
:107FC00006E04046C5F80480F5E7052802D14046A2
:107FD000C6F8A002F9F788FFD7ED000A641C0A2C46
:107FE00030EE200A87ED000AF4DBF0EE400AB2EE34
:107FF000041A80EE810ADFED210A8BED000AC7ED3D
:10800000000AA968012901D1C5F808A0E968012979
:1080100001D1C5F80CA010EE101A194A914204DBE8
:108020009FED180A8BED000A18E010EE100A1649B1
:108030000844B0F5002F05D2A868022802DA401CD7
:10804000A8600BE010EE100A0F494942884205DA99
:10805000A868022802DAE868401CE860F8F76CFCBF
:10806000FEF754FE8DE70000000040421C00002097
:1080700018000020EC010020B001002000000000EA
:108080009A9949419A9949410000E0BE00B52DED09
:10809000048B83B041EC190B02F092F841EC180B01
:1080A00018EE100A18EE901A8DED008B002818BFFC
:1080B0000120084320F00040C0F17F6000F1E04063
:1080C000C00F14D019EE101A19EE900A8DED009B16
:1080D000002918BF0121084320F00040C0F17F6053
:1080E00000F1E040C00F04BF0120F8F761FA51EC45
:1080F000180B03B0BDEC048B00BD00002DE9FC4162
:1081000000F0B8FA00240425CDE900544FF40078BB
:10811000234642461AA11E4801F0A2F90326CDE9E2
:108120000064AF0100233A461AA11E4801F098F9F5
:10813000CDE90064002342461BA11E4801F090F9DE
:10814000CDE90064002380221BA11E4801F088F9BC
:10815000CDE9005400233A461BA11E4801F080F9E6
:10816000CDE90054002342461BA11E4801F078F9D6
:108170001D48006800F050FCBDE8FC4100F0B6BAB4
:1081800042616C616E63655F7461736B0000000037
:10819000710B00084D5055363035305F7461736B8C
:1081A00000000000BD26000873686F775F7461737C
:1081B0006B000000657F00086C65645F7461736B21
:1081C00000000000A56C0008505354574F5F7461C5
:1081D000736B0000F57D0008444154415F74617386
:1081E0006B000000E16800080000002038B54FF483
:1081F0004070FAF74DFBA820FEF7D4FCFAF770F9AF
:10820000F8F7C4FDF9F7CAFAFAF780FBFAF736F97E
:108210004FF4E134204600F05FF84FF4165000F0C0
:10822000B1F8204600F002F9204600F057F9F8F7BF
:108230001FFCF8F75DFC00200090032306220721B5
:108240000120F8F7BDFDFBF79FF9F9F7BFFAF9F741
:108250002BFBF9F787FBF9F7E3FB42F20F7453218D
:108260002046FBF78FFCA7212046FBF7D1FE44F206
:108270009F1400212046FBF7EDFC00212046FBF770
:108280006DFF00212046FBF7D9FB00212046FBF7BC
:1082900025FCF9F77FFEFAF7BCF9FAF77DFDBDE89A
:1082A0003840FAF769BEB4EEE00AF1EE10FA02D2F5
:1082B000B0EE600A7047B4EEC10AF1EE10FAF9DDD3
:1082C000B0EE410A7047884201DA08467047904292
:1082D000FCDD104670470000F0B50746012187B06D
:1082E0000846FAF77BFF01211020FAF78FFF234E93
:1082F000072209213046F9F72DFC07220A213046D2
:10830000F9F728FC4FF4C060049002208DF81400A7
:1083100000248DF816408DF8150001258DF81750B2
:1083200004A93046F9F7DAFB25208DF818008DF8FE
:1083300019508DF81A408DF81B5006A8FAF776FAF6
:10834000ADF80440ADF80640ADF80840ADF80C407B
:108350000C200B4CADF80A00009769462046FCF74C
:10836000D3FC012240F225512046FCF7B4FC012148
:108370002046FCF787FC07B0F0BD0000000002407B
:1083800000100140F0B5074687B001210820FAF738
:1083900025FF01214804FAF72DFF224E072205216F
:1083A0003046F9F7D7FB072206213046F9F7D2FB12
:1083B0006020049002208DF8140000248DF81640EF
:1083C0008DF8150001258DF8175004A93046F9F7EE
:1083D00085FB26208DF818008DF819508DF81A406D
:1083E0008DF81B5006A8FAF721FAADF80440ADF855
:1083F0000640ADF80840ADF80C400C200A4CADF832
:108400000A00009769462046FCF77EFC012240F2F4
:1084100025512046FCF75FFC01212046FCF732FC89
:1084200007B0F0BD000C0240004400402DE9F041CF
:10843000804688B001210820FAF7D0FE0121880487
:10844000FAF7D8FE234F072208213846F9F782FBB6
:10845000072209213846F9F77DFB02258DF81450D3
:1084600000244FF440708DF8164004908DF815509C
:1084700001268DF8176004A93846F9F72FFB27204D
:108480008DF818008DF819508DF81A408DF81B6082
:1084900006A8FAF7CBF9ADF80440ADF80640ADF800
:1084A0000840ADF80C400C200B4CADF80A00CDF89C
:1084B000008069462046FCF727FC012240F2255146
:1084C0002046FCF708FC01212046FCF7DBFB08B046
:1084D000BDE8F081000C0240004800402DE9F04367
:1084E000814687B001210420FAF778FE0121082097
:1084F000FAF774FE01210805FAF77CFE2B4F0822DB
:108500000C213846F9F726FBDFF8A4800822022167
:108510004046F9F71FFB02258DF804500024B814DB
:108520008DF8064000908DF8055001268DF8076003
:1085300069463846F9F7D2FA8DF8045004208DF8D0
:10854000064000908DF805508DF80760694640465A
:10855000F9F7C4FA35208DF818008DF819508DF808
:108560001A408DF81B6006A8FAF760F9ADF80C40C8
:10857000ADF80E40ADF81040ADF814400C200D4C95
:10858000ADF81200CDF8089002A92046FCF7BCFB1C
:10859000012240F225512046FCF79DFB0121204697
:1085A000FCF770FB07B0BDE8F08300000008024054
:1085B000000C0240005000400249888008884006B4
:1085C000FCD570470010014003490880081F01884E
:1085D0004906FCD5704700000448004002498880E5
:1085E00008884006FCD5704700500040D0E90132B1
:1085F00001699A60D0E901235A604A68824201D138
:1086000082684A60002202610868401E0860704764
:1086100000F108014FF0FF32C0E90112C1600161B1
:1086200000210160704700210161704730B50C687E
:10863000621C02D000F1080202E0026904E01A465E
:1086400053681D68A542FAD953684B6099608A60E7
:10865000516008610168491C016030BD42684A6090
:1086600093688B6093685960916008610168491C48
:1086700001607047502080F31188BFF34F8FBFF324
:108680006F8F09494868401C486001280AD1074893
:10869000006810F0FF0F05D040F2B91204A10FA03E
:1086A000F7F768BE704700002001002004ED00E0ED
:1086B0002E2E5C4672656552544F535C706F727417
:1086C00061626C655C525644535C41524D5F434D50
:1086D00034465C706F72742E630000004572726FD6
:1086E000723A25732C25640D0A00000010B5084C61
:1086F000606828B94FF4E07206A111A0F7F73AFEBE
:108700006068401E606001D180F3118810BD0000D8
:10871000200100202E2E5C4672656552544F535C3A
:10872000706F727461626C655C525644535C415266
:108730004D5F434D34465C706F72742E63000000D1
:108740004572726F723A25732C25640D0A00000081
:1087500070B500282AD0164DA0F108046068E968B9
:10876000084205D14FF4A07212A11CA0F7F702FE37
:10877000206828B140F241120EA118A0F7F7FAFDC7
:108780006068E968084211D02268002A0ED1884347
:10879000606000F0B5FA6068696808446860204667
:1087A000FFF7D6F8BDE8704000F0B4BF70BD000020
:1087B0002C0100202E2E5C4672656552544F535C8E
:1087C000706F727461626C655C4D656D4D616E6752
:1087D0005C686561705F342E630000004572726FE3
:1087E000723A25732C25640D0A00000006484FF4E8
:1087F0007A710068B0FBF1F14FF0E020491E416151
:1088000007210161704700000400002010B5F7F750
:108810008BFD104C10280CD300F1E02090F8F003F1
:108820002178884205D24FF440720BA115A0F7F7CA
:10883000A1FD18480068A16800F4E060884207D9EB
:10884000BDE810404FF4447203A10EA0F7F792BDAB
:1088500010BD0000200100202E2E5C46726565527E
:10886000544F535C706F727461626C655C52564415
:10887000535C41524D5F434D34465C706F72742EB1
:10888000630000004572726F723A25732C25640DE7
:108890000A0000000CED00E010B5074B002253F871
:1088A00032401CB1521C082AF9D310BD43F83210D3
:1088B00003EBC201486010BDC806002070B5154624
:1088C0000E460446FFF7D6FE94F944100020491CDA
:1088D00001D184F8440094F94510491C01D184F871
:1088E0004500FFF703FFA06B28B92A46314604F183
:1088F000240000F027F92046BDE87040FFF73EBA9B
:1089000010B5040012D00E49096B29B140F2CF42D4
:108910000CA111A0F7F72EFD00F0F2F9002120467E
:10892000FEF736FE00F0F6FE002807D10E494FF0A4
:1089300080500860BFF34F8FBFF36F8F10BD0000F2
:10894000D00000202E2E5C4672656552544F535C59
:108950007461736B732E63004572726F723A257384
:108960002C25640D0A00000004ED00E02DE9F04123
:108970000E4605004FF0000405D140F279421BA1DC
:108980001FA0F7F7F7FC2EB940F27A4217A11CA0FE
:10899000F7F7F0FC1E4F386B28B140F27B4213A171
:1089A00017A0F7F7E7FC00F0ABF9FA68286881191F
:1089B000904202D9884202D804E0884201D891420C
:1089C00000D9012429601CB1881A0021FEF7E0FDBE
:1089D00000F0A0FE002807D10E494FF0805008603B
:1089E000BFF34F8FBFF36F8FBDE8F0812E2E5C4633
:1089F00072656552544F535C7461736B732E6300E0
:108A00004572726F723A25732C25640D0A000000BE
:108A1000D000002004ED00E070B50446FFF72AFE08
:108A2000234D04B92C68201DFFF7E0FD58B9E06A1A
:108A3000204A00EB800152F8211021B90121814028
:108A4000286988432861A06A18B104F11800FFF76B
:108A5000CDFD686A401C68622868844207D1211DE8
:108A60001548FFF7FBFD6868401C686007E0A868D0
:108A7000401EA8602046FEF7C6FEFFF7DFF8FFF7AE
:108A800035FE6869002812D0286884420FD1286B0F
:108A900028B140F2654209A10DA0F7F76BFC10491F
:108AA0004FF080500860BFF34F8FBFF36F8F70BDE2
:108AB000D000002008070020C40900202E2E5C46AC
:108AC00072656552544F535C7461736B732E63000F
:108AD0004572726F723A25732C25640D0A000000EE
:108AE00004ED00E001490120C8617047D00000207A
:108AF00070B50D46040005D140F6063207A10CA062
:108B0000F7F738FC0E48016820461831FFF78EFD54
:108B10002846BDE870400121FEF73ABD2E2E5C4686
:108B200072656552544F535C7461736B732E6300AE
:108B30004572726F723A25732C25640D0A0000008D
:108B4000D000002070B514460E46050005D140F651
:108B5000313209A10DA0F7F70DFC10480168284635
:108B60001831FFF77BFD0CB14FF0FF362146304640
:108B7000BDE87040FEF70CBD2E2E5C467265655256
:108B8000544F535C7461736B732E63004572726F44
:108B9000723A25732C25640D0A000000D0000020D5
:108BA00070B5040039D01D4DE06A2968C96A884251
:108BB00033D2A069002804DB2868C06AC0F1200015
:108BC000A061E06A164E00EB8000616906EB800050
:108BD00081421FD1201DFFF709FD012150B9E06A34
:108BE00000EB800256F8222022B92A6901FA00F02F
:108BF00082432A612868C06AE0622A698140114381
:108C0000296100EB800006EB8000211DBDE870406B
:108C1000FFF724BD2868C06AE06270BDD000002064
:108C20000807002010B5040005D140F6C13205A1A7
:108C300009A0F7F79FFB0C48016A2160C0686060DB
:108C400010BD00002E2E5C4672656552544F535C79
:108C50007461736B732E63004572726F723A257381
:108C60002C25640D0A000000D00000201CB5174818
:108C70000024CDE900402346822215A1164800F0C9
:108C8000EFFB012803D100F0F1FD01280AD0401CC0
:108C90001BD102B040F28472BDE810400FA114A0B5
:108CA000F7F768BB502080F31188BFF34F8FBFF3F5
:108CB0006F8F06484FF0FF312C38816201214161EE
:108CC000C460BDE81C4000F061B81CBDFC00002081
:108CD00049444C4500000000697800082E2E5C468F
:108CE00072656552544F535C7461736B732E6300ED
:108CF0004572726F723A25732C25640D0A000000CC
:108D00000248016B491C016370470000D00000203D
:108D100070B5134D286B10B10120E86170BD0020C3
:108D2000E86128690F4EB0FA80F0C0F11F0000EB37
:108D3000800456F8240028B940F6F6220AA10FA0B4
:108D4000F7F718FB06EB840000F108024168496858
:108D50004160914201D149684160C868286070BD96
:108D6000D0000020080700202E2E5C467265655258
:108D7000544F535C7461736B732E63004572726F52
:108D8000723A25732C25640D0A0000001CB5304C86
:108D900020683049884205D140F259122EA139A0ED
:108DA000F7F7E8FA20682B49491E884205D14FF4AD
:108DB000AD7229A133A0F7F7DDFA364C2078019087
:108DC000FF20207020788DF800009DF800009DF8AD
:108DD000001000F0F000884205D040F273121EA18E
:108DE00028A0F7F7C7FA9DF800002B4A00F05000C2
:108DF00010700720906007E09068401E90609DF81A
:108E0000000040008DF800009DF800000006F3D43B
:108E1000107A000200F4E0609060019820700C4825
:108E20002030016841F470010160016841F0704137
:108E30000160FFF7DBFC00205060F7F73DFA1748B0
:108E4000016841F040410160F7F726FA00201CBD9F
:108E500000ED00E071C20F412E2E5C467265655236
:108E6000544F535C706F727461626C655C5256440F
:108E7000535C41524D5F434D34465C706F72742EAB
:108E8000630000004572726F723A25732C25640DE1
:108E90000A00000000E400E02001002034EF00E0C0
:108EA00010B5502080F31188BFF34F8FBFF36F8F41
:108EB00000F016FB18B104494FF080500860002004
:108EC00080F3118810BD000004ED00E02DE9F041B1
:108ED00017460E46050005D14FF4C47210A115A027
:108EE000F7F748FABEB105FB06F05430FEF78EFFE7
:108EF00004000ED004F154007EB12060C4E90F5686
:108F00002046012100F0E0F884F85070002120464E
:108F1000A164BDE8F0810020E7E72460EEE70000EF
:108F20002E2E5C4672656552544F535C71756575A3
:108F3000652E63004572726F723A25732C25640D9D
:108F40000A0000002DE9FF4F83B09B468A460400CB
:108F50004FF0000605D140F2DC4251A155A0F7F7D1
:108F600009FABAF1000F07D1206C28B140F2DD42B6
:108F70004BA150A0F7F7FEF900F09EFA38B905981A
:108F800028B14FF49C6246A14AA0F7F7F3F94FF0DD
:108F900000094FF08057DFF82C81FFF76BFBA56BC2
:108FA00045B351462046E668FEF7E4FBBBF1000FEF
:108FB00013D0E660606A50B104F1240000F05EFB5B
:108FC00028B1C8F80070BFF34F8FBFF36F8FFFF762
:108FD0008DFB012007B0BDE8F08F6D1EA5632068F2
:108FE00010B9FEF79DFF606020690028EFD004F102
:108FF0001000E3E7059808B11EB106E0FFF776FB25
:1090000027E06846FFF70EFE0126FFF76FFBFFF72C
:1090100077FEFFF72FFB94F94400401C01D184F840
:10902000449094F94500401C01D184F84590FFF725
:109030005DFB05A9684600F0CFF9002820460AD05C
:10904000FEF79CFE00F066FB2046FEF7C3FC0028FE
:10905000A3D00020BEE7FEF7BDFCD8B1206830B930
:10906000FFF708FB6068FFF79BFDFFF73FFB04F18C
:1090700024000599FFF73CFD2046FEF77FFE00F037
:1090800049FB002889D1C8F80070BFF34F8FBFF3A8
:109090006F8F82E72046FEF771FE00F03BFB7CE716
:1090A0002E2E5C4672656552544F535C7175657522
:1090B000652E63004572726F723A25732C25640D1C
:1090C0000A00000004ED00E070B50D46040005D173
:1090D00040F21B121CA121A0F7F74CF9FFF7CAFAC6
:1090E000D4E90F20216802FB001161600021A16317
:1090F0002168A1600A46D4E90F01401E00FB01214E
:10910000E16021464FF0FF3001F8440F487004F150
:1091100010004DB1FFF77CFA04F12400FFF778FA54
:10912000FFF7E4FA012070BD21690029F8D000F0B2
:10913000A5FA0028F4D00D494FF080500860BFF325
:109140004F8FBFF36F8FEBE72E2E5C467265655233
:10915000544F535C71756575652E63004572726F6F
:10916000723A25732C25640D0A00000004ED00E01E
:109170002DE9FF4F83B099468B4604004FF000065F
:1091800005D140F2D92252A156A0F7F7F3F8BBF16E
:10919000000F07D1206C28B140F2DA224CA151A077
:1091A000F7F7E8F8B9F1020F08D1E06B012805D014
:1091B00040F2DB2246A14BA0F7F7DCF800F07CF987
:1091C00038B9059828B140F2DE2241A145A0F7F751
:1091D000D1F84FF0000A4FF08057DFF81881FFF701
:1091E00049FAA06BE16B884206D3B9F1020F03D0B4
:1091F000059800B316B325E04A4659462046FEF7C7
:10920000CCFAA16C21B149462046FEF7F1FB05E0FE
:10921000616A19B104F1240000F030FA28B1C8F8ED
:109220000070BFF34F8FBFF36F8FFFF75FFA01201E
:1092300007B0BDE8F08FFFF759FA21E06846FFF765
:10924000F1FC0126FFF752FAFFF75AFDFFF712FA79
:1092500094F94400401C01D184F844A094F94500DD
:10926000401C01D184F845A0FFF740FA05A96846E3
:1092700000F0B2F830B12046FEF780FD00F04AFA67
:109280000020D5E7FFF7F6F9A06BE16B884201D12A
:10929000012500E00025FFF729FA95B104F110003F
:1092A0000599FFF725FC2046FEF768FD00F032FA2D
:1092B000002894D1C8F80070BFF34F8FBFF36F8FB1
:1092C0008DE72046FEF75AFD00F024FA87E70000FC
:1092D0002E2E5C4672656552544F535C71756575F0
:1092E000652E63004572726F723A25732C25640DEA
:1092F0000A00000004ED00E02DE9F047984615460D
:109300008946040005D140F29F322AA12EA0F7F72A
:1093100031F8B9F1000F07D1206C28B14FF4687211
:1093200024A129A0F7F726F8B8F1020F08D1E06BC5
:10933000012805D040F2A1321EA123A0F7F71AF8A8
:10934000FFF764FA5020EFF3118780F31188BFF321
:109350004F8FBFF36F8FA06BE16B884207D3B8F1DB
:10936000020F04D0002087F31188BDE8F08794F93C
:109370004560424649462046FEF70FFA701C04D06D
:10938000761C84F845600120EDE7A06C012620B131
:1093900041462046FEF72CFB06E0606A0028F2D02A
:1093A00004F1240000F06AF90028ECD0002DEAD086
:1093B0002E60E8E72E2E5C4672656552544F535C72
:1093C00071756575652E63004572726F723A25730B
:1093D0002C25640D0A00000070B50D46040005D16F
:1093E00040F6CB3214A119A0F6F7C4FF2DB940F610
:1093F000CC3211A115A0F6F7BDFFFFF73BF9174AD4
:10940000D06829684B1C0FD02368126A934202D09F
:10941000626882420AD96268801A884206D2081AB3
:1094200028602046FFF7FEFB002400E00124FFF740
:109430005DF9204670BD00002E2E5C4672656552B7
:10944000544F535C7461736B732E63004572726F7B
:10945000723A25732C25640D0A000000D00000200C
:109460002DE9FF5F8346DDE90E87994616468A4659
:109470009000FEF7CBFC05001AD05C20FEF7C6FC7E
:10948000040012D025630021CDE90241CDE9008717
:109490004B46324651465846FEF7FAF92046FEF74B
:1094A000AFF8012004B0BDE8F09F2846FFF750F95F
:1094B0004FF0FF30F6E700000548416919B1006B35
:1094C00018B100207047012070470220704700004B
:1094D000D00000200148C06870470000D000002084
:1094E0002DE9F0412D4F0026386B40B1B869401C82
:1094F000B861F86900B101263046BDE8F081FD6829
:109500006D1CFD6011D1786B006828B140F6D9124E
:1095100023A128A0F6F72EFF786BB96B7963B863A7
:10952000386A401C3862FEF789FBB86ADFF894801D
:10953000854209D3786B006880B1786BC068C468D5
:10954000606885420DD2B8623868C06A00EB80015D
:1095500058F821000128CCD90126CAE74FF0FF3086
:10956000F1E7201DFFF742F8A06A18B104F11800D6
:10957000FFF73CF8E06A01213A6981401143396103
:1095800000EB800108EB8100211DFFF767F8E06A1E
:109590003968C96A8842CDD30126CBE7D0000020C4
:1095A0002E2E5C4672656552544F535C7461736B2A
:1095B000732E63004572726F723A25732C25640D09
:1095C0000A0000000807002070B504004FF00006F4
:1095D0003CD01F4D2868844205D040F6C7621DA1CB
:1095E00021A0F6F7C7FE206D28B940F6C96219A17F
:1095F0001DA0F6F7BFFE206D401E2065E26CE16AFB
:10960000914223D010BB201DFEF7F0FF1A49012222
:1096100050B9E06A00EB800351F8233023B92B697D
:1096200002FA00F083432B61E06CE062C0F120009D
:10963000A061E06A2B6982401A432A6100EB800036
:1096400001EB8000211DFFF709F80126304670BDAF
:10965000D00000202E2E5C4672656552544F535C3C
:109660007461736B732E63004572726F723A257367
:109670002C25640D0A000000080700202DE9F041A8
:10968000C068C4682CB940F6613216A11AA0F6F77A
:1096900071FE04F118000746FEF7A8FF1A4D286B6B
:1096A000012660B139461948FEF7D8FFE06A2968FB
:1096B000C96A884213D90120EE61BDE8F081201DFE
:1096C000FEF794FFE06A2A6906FA00F11143296166
:1096D0000F4900EB800001EB8000211DE4E7002032
:1096E000EBE700002E2E5C4672656552544F535CCA
:1096F0007461736B732E63004572726F723A2573D7
:109700002C25640D0A000000D0000020B0090020C4
:10971000080700202DE9F0472B4D00242746286B31
:1097200028B94FF4FD6229A12DA0F6F723FEFEF71C
:10973000A1FF286B401E2863286BE8BBA8682C4952
:109740000126C8B3A1F52A798846D8F80010E9B1F6
:10975000D8F80C00C46804F11800FEF747FF201D7C
:10976000FEF744FFE06A2A6906FA00F11143296115
:1097700000EB800109EB8100211DFEF76FFFE06A1D
:109780002968C96A8842E0D3EE61DEE70CB1FEF7D2
:1097900055FAAC693CB1FFF7A3FE00B1EE61641E5F
:1097A000F9D10020A861E86930B1124901273807D2
:1097B0000860BFF34F8F00E001E0BFF36F8FFEF74B
:1097C00095FF3846BDE8F087D00000202E2E5C467D
:1097D00072656552544F535C7461736B732E6300F2
:1097E0004572726F723A25732C25640D0A000000D1
:1097F000B009002004ED00E02DE9F0470746994646
:1098000016460D462C20DDF820A0FEF7FFFA0400D6
:1098100014D0B8464F46D1462DB94FF4C67209A1AF
:109820000EA0F6F7A7FDFDF753FF04F11801C4F8E9
:10983000008081E8E002201DFEF7F5FE2046BDE82D
:10984000F08700002E2E5C4672656552544F535CC3
:1098500074696D6572732E63000000004572726F4B
:10986000723A25732C25640D0A0000001CB50024F3
:10987000FDF72EFF0C48006868B10B491F20091D39
:10988000CDE9000100234FF4827208A10948FFF7D7
:10989000E7FD040005D140F2331207A10CA0F6F752
:1098A00069FD20461CBD00000C010020546D722093
:1098B00053766300557D00082E2E5C467265655216
:1098C000544F535C74696D6572732E630000000021
:1098D0004572726F723A25732C25640D0A000000E0
:1098E0002DE9FF47DDF830A0994690460D46060069
:1098F0004FF0000705D14FF4D37212A117A0F6F76D
:1099000039FD1A4C206880B1CDE900580296062D29
:1099100011DAFFF7D1FD02284FF0000309D0002231
:1099200069462068FFF724FC074604B03846BDE8C6
:10993000F0875246F4E700234A466946FFF7DCFC0D
:10994000F2E700002E2E5C4672656552544F535C60
:1099500074696D6572732E63000000004572726F4A
:10996000723A25732C25640D0A0000000C010020BA
:1099700081F00041704780F00040704721F00041C5
:10998000704720F00040704721F00042A2F1605281
:10999000B2F5801F01F0004328BFD2F17F6C0BD9D4
:1099A0005FEA001C43EAC20242EB507018BF7047E6
:1099B00028BF20F001007047B2F5801FBCBF1846D9
:1099C00070474FEA410C1CF5001F02D2084600F018
:1099D00023BE70B500F05EFB00000089FFF7F6BF04
:1099E0004FF00040A0F580007047000010B591EAEC
:1099F000030F48BF83F0004300F1B684841A71EB73
:109A0000030C05D2121943EB0C03001B61EB0C0194
:109A1000DFF824E14FEA1154A4EB135C1EEA430F74
:109A200018BF9EEA445F73D023EA0E03DCF1200ED8
:109A300021EA045143F4801332D322FA0CFE10EBD6
:109A40000E0023FA0CFE41EB0E01CCF1200E03FABE
:109A50000EFE10EB0E0051F10001B1F5801FCCF1AC
:109A6000200E32D201EB045112FA0EF2BDE8104082
:109A700058BF7047401C38BF5FEA420218BF7047AA
:109A8000002814BF20F0010041F100014FEA41031A
:109A900013F5001F38BF7047A1F1C04100F048BB6B
:109AA000012A43EB0302ACF1200CDCF11F0E32BFA4
:109AB0004FF0000E23FA0CF310EB030041EB0451BE
:109AC000B4EB115FD0D0A1EB045101F5801149082E
:109AD0005FEA300001EB04510ED350F1000038BFB3
:109AE00012FA0EFE08D1BDE81040C9E7401C38BF8D
:109AF0005FEA4202CAD1C3E7BDE810404FEA410322
:109B000013F5001F38BF7047A1F1C04100F010BB32
:109B10009EEA445F08D011EA5E0FBDE8104004BF22
:109B200001F0004100207047BDE8104070B500F022
:109B3000B1FA00BF64FBBE3E0000E0FF02494FF0F7
:109B4000000000F06EBD00BF0000F87F491058BF54
:109B5000C1F140415B1058BFC3F140438B42EFF36A
:109B6000008070472DE9C04130B4DFF8A0C23CEA64
:109B7000111418BF3CEA131400F0EC8081EA0305CD
:109B80001CEA111444EAD57418BF1CEA131500F03E
:109B9000C780A4EB05044FF0004545EAC12145EA22
:109BA000C32341EA505143EA525304F17F7499426E
:109BB00004F500344FEAC0204FEAC22208BF9042A9
:109BC00000F09C804FEA13650FF24016765D4FEA75
:109BD000134506FB05F7C7F1807706FB07F74FEA49
:109BE000D737A7FB03687642C8F58038A7FB06CEB7
:109BF00038BFA8F1010807FB08E64FF0000EA6FBEE
:109C0000028CE6FB03CEDCF1000CCEF1004E38BF37
:109C1000AEF1010EA6FB0C584FF000074FF0000507
:109C2000E6FB0E87A1FB08C6A0FB07CE16EB0E06CF
:109C300045F10005E1FB076515F1E04E7EBFA4F597
:109C400080345FEA46066D4116F1800745F1000554
:109C50004FEA17274FEA066647EA0567A6F1DE4690
:109C6000B6F1805F4FEA15251FD9384624F0010C64
:109C700005EBC471BCF1FE6F01EB0C1102D8F0BC16
:109C8000BDE8008124425CBF01F5801E9EEAC47FCE
:109C900002D4F0BCBDE80081244238D4F0BCA1F16C
:109CA000C041BDE8004100F043BA4FEAD22242EA87
:109CB00043524FEAD323A7FB02864FEAD02040EA63
:109CC000415007FB03661EEA0E0F4FEAD12105FB48
:109CD000026658BFA6EB0056B6EB00564FEA520E8E
:109CE0004EEAC37E18EB0E0E56EB530EBDD518EBA5
:109CF00002085E417F1C55F10005B6E74FF4801560
:109D00004FF000074FF000064FF00008ADE7F0BC41
:109D10004FF0000001F1C04101F00041BDE80081B9
:109D200011EA0C1F0CEA131500D00CE013EA0C1F0B
:109D300000F025804FF00000F0BC81EA030101F043
:109D40000041BDE80081F0BCBDE8004181EA0301AB
:109D500000F0EEB9F0BCBDE8004170B500F09AF932
:109D6000097EFC3E00F007B881EA03014FF00000D5
:109D700001F00041704781EA030100F0D9B9F0BC5D
:109D8000BDE800414FF0000021497047FFFDFBF99D
:109D9000F7F5F4F2F0EEEDEBE9E8E6E4E3E1E0DE1E
:109DA000DDDBDAD8D7D5D4D3D1D0CFCDCCCBCAC890
:109DB000C7C6C5C4C2C1C0BFBEBDBCBBBAB9B8B7B7
:109DC000B6B5B4B3B2B1B0AFAEADACABAAA9A8A8AA
:109DD000A7A6A5A4A3A3A2A1A09F9F9E9D9C9C9B78
:109DE0009A99999897979695959493939291919023
:109DF0008F8F8E8E8D8C8C8B8B8A898988888787B4
:109E00008685858484838382828181800000FF0728
:109E10000000F87F4FEA41034FEA5353A3F58063F4
:109E2000D3F11E03C8BFD3F1210C0CDD4FF000426B
:109E300042EAC12242EA505232FA03FC8CEAE17C47
:109E4000ACEBE1707047102BC4BF0020704703F5E6
:109E5000787CBCF1FF3F04D06FF0004282EA210021
:109E6000704770B500F016F94992248000207047C1
:109E7000F2E710F0004248BF4042B0FA80F310FA17
:109E800003F10AD0C3F11D0303F580634FEA41508B
:109E900002EB035202EBD12170474FF000007047F4
:109EA000B0FA80F310FA03F10AD0C3F11D0303F5F1
:109EB00080634FEA41504FEA035202EBD1217047D1
:109EC0004FF000007047000051EA030C17D41CF556
:109ED000801F58BFBCF5801F00F10680994218BF53
:109EE000704708BF9042704707D711F5801F58BFD1
:109EF00013F5801F19D499427047894270471CF5A9
:109F0000801F08D5BCF5801FF7D58B4218BF70475E
:109F100008BF824270474FF4001C1CEB410F38BF52
:109F20001CEB430F01D28B42704770B500F0B2F8C2
:109F3000922449004FF000514FF08053FFF706BEC6
:109F4000DFF848C170B51CEA111E1EBF1CEA1315CC
:109F50009EEA0C0F95EA0C0F00F06F8081EA030473
:109F600023EA4C134EEAD47E21EA4C1141F48011CD
:109F700043F48013AE44A1FB024CA0FB0365AEF199
:109F80007F7E361955EB0C05A1FB034C4CF1000309
:109F9000A0FB021C16EB0C06654153F100030942BD
:109FA00018BF46F0010613F4007F0BD14FEA0331CE
:109FB0004FEA0530340341EA155140EA16506FF07C
:109FC00003020AE04FEAC3214FEAC520F40241EA46
:109FD000555140EA56506FF0020202EB2E4201EB5F
:109FE000025585EACE710AD05FEA440C18BF24F00E
:109FF000004450F1000041F1000120EAD47040F229
:10A00000FE7C624500D270BDA84214BF4FF0804470
:10A010004FF04044002E08BF0024BEF1806FA8BF5F
:10A02000A1F1C041BDE8704080F282804FF0000095
:10A0300001F1C04101F0004170479EEA0C0F0CEAAB
:10A04000131518BF95EA0C0F06D04FF0000081EAF7
:10A05000030E0EF0004170BD00F01CF88900013EB7
:10A0600000F007B800F009B84FEA430C5FEA5C5C07
:10A0700008D081EA030100F05BB84FEA410C5FEAC7
:10A080005C5CF6D14FF00000014970470000FF070B
:10A090000000F87F0EF1020E2EF0030E5EF8046B46
:10A0A000364205D4012A43EB030515F5001F12D8EB
:10A0B000012841EB010C1CF5001F0CD80ED14FEA12
:10A0C000D17C15F5001F0CEB4C0C0CF1020C08BFF9
:10A0D0004CEBD37C04E04FF0080C01E04FEAD37C5A
:10A0E0000CEB4C0526FA05F606F00706B6F1040C53
:10A0F00006D20EEB860CBDE870404CF0010C6047B8
:10A10000DFE80CF0090B02024FF000414FF00000B5
:10A11000A1F5002170BD19461046012851EB01043C
:10A1200018BFD4F5001484BF002001F0004170BDB9
:10A130000808A0F500114FEA3101704753EA010CFD
:10A1400017D41CF5801F58BFBCF5801F00F1068096
:10A150008B4218BF704708BF8242704707D713F57C
:10A16000801F58BF11F5801F19D48B4270479B4246
:10A1700070471CF5801F08D5BCF5801FF7D59942A4
:10A1800018BF704708BF904270474FF4001C1CEB8B
:10A19000430F38BF1CEB410F01D2994270470FB4F7
:10A1A0000CBC03BCFFF7C1BE91EA030F10B581F0F0
:10A1B00000413FF523AC83F0004300F0D5B8000028
:10A1C0002DE9F04101F5801CBCF5001FC0F2A9800B
:10A1D0004FEA115C21EA0C510CF1FD0C41F48011A5
:10A1E0005FEA5C0C0CF5C07C01D34000494130A40F
:10A1F000890241EA905187028E0E0A0CA45D04FB8D
:10A2000004F602FB06F6C6F14046A4FB0662F60D14
:10A2100046EA422606FB06F4A4FB01235242C3F1A0
:10A22000404338BF5B1EA6FB02420024E6FB03242A
:10A23000D20B42EA4446A6FB0623A1FB02E2A3FBA3
:10A2400007E4E3FB61426442C2F1404E38BFAEF125
:10A25000010EA6FB04234FF00002E6FB0E32A2FB28
:10A2600003463400E2FB6264A1FB06E6A4FB07E8B8
:10A27000E4FB61687642C8F1405838BFA8F1010894
:10A28000A2FB06E4A3FB08E5E2FB6854A1FB05E69C
:10A29000A7FB04E8E1FB648618F1200556F10006EF
:10A2A000A809A8F11B08B10908F03F08B8F10A0F86
:10A2B00040EA86601CD901EB0C51BDE8F08100BF7B
:10A2C000FCF5EEE8E2DDD8D3CFCBC7C3C0BDB9B64D
:10A2D000B4B1AEACA9A7A5A3A19F9D9B9A98969552
:10A2E0009392908F8D8C8B898887868584838281D9
:10A2F000A0FB006800FB01F208EB4208B8EB8728DE
:10A3000007D5341858EB0104D5D5401C51F1000194
:10A31000D1E7341A78EB0104CDD4401E71F100016D
:10A32000C9E75FEA4C0C5FEA9C5C0DD105D34FF0A6
:10A33000000001F00041BDE8F081BDE8F04170B5DA
:10A34000FFF7A8FE6DDBFFBEBDE8F0414FF0000057
:10A35000004970470000F87F10B591EA030F48BF2D
:10A3600083F000433FF54AAB841A71EB030C07D22C
:10A3700012198CF0004C43EB0C03001B61EB0C0139
:10A38000DFF8A4E14FEA1154A4EB135C1EEA430F7B
:10A3900018BF9EEA445F00F0B08023EA6E03524289
:10A3A00021EA0451C3EB6E0338BF5B1EDCF1200EC3
:10A3B00025D322FA0CFE10EB0E0043FA0CFE41EB03
:10A3C0000E01CCF1200E03FA0EFE10EB0E0051F13F
:10A3D0000001CCF1200E29D412FA0EF201EB045147
:10A3E000BDE8104058BF7047401C1CBFB2F1004F81
:10A3F000704700280CBF491C20F00100704712EB89
:10A40000020E43EB030218BF4FF0010E4EEA420268
:10A41000ACF1200CDCF11E0E54D943FA0CFE10EB0B
:10A420000E0051F1FF31CCF11E0ED5D50EF1010E0B
:10A4300012FA0EFE404141EB010101EB445C5FEA80
:10A440005C5C10D910EBDE7001EB045138BFBEF13B
:10A45000004FBDE8104018BF704700280CBF491CD2
:10A4600020F00100704730D24FEAD42C11F50011D2
:10A4700024F400641BD0B1FA81F20B3AA41AA41E92
:10A48000D2F12003914030FA03F31943904001EBDD
:10A49000CC71002C01EB0451BDE81040A8BF7047FF
:10A4A00001F1C0414FF0000001F000417047B0FAE7
:10A4B00080F310FA03F100D110BDE41A173C4805EF
:10A4C000C90AE4E701EB045110BD491001EB045146
:10A4D000BDE810404FEA300002E04FF00001704745
:10A4E0004A0008BF0042F8D0B2F5001F28BF7047ED
:10A4F00001F000414FF0000070479EEA445F07D032
:10A5000011EA5E0FBDE8104004BF00210020704733
:10A51000BDE8104070B5FFF7BDFD00BF40DFF63E5F
:10A5200083F00041104670470000E0FF43004FEA0F
:10A53000D30C4FEA3C0C43401FBF40070CF1605165
:10A5400013F0FE4F70471CF0006F03D100200CF099
:10A55000004170470CF0004343EA507010B540EAE8
:10A56000CC0000F00EF800BF000000924FEA00019E
:10A57000FFF7DEBD4FF000414FF00000A1F50021D4
:10A5800070470EF1020E2EF0030E5EF8044B2442CB
:10A5900004D44FEA4102B2F17F4F11D84FEA400391
:10A5A000B3F17F4F0CD80ED14FEAD07CB2F17F4F80
:10A5B0000CEB4C0C0CF1020C08BF4CEBD17C04E012
:10A5C0004FF0080C01E04FEAD17C0CEB4C0324FA6D
:10A5D00003F404F00704B4F1040C06D20EEB840C6F
:10A5E000BDE810404CF0010C6047DFE80CF00708B4
:10A5F00002024FF00040A0F5800010BD0846420066
:10A6000018BFD2F1807288BF00F0004010BD4FF03B
:10A610004070E1EE100A7047FF2141EAD050C005BA
:10A6200070470CF00F03092B08BF082000F0598079
:10A630000A2B0BD0082B18BF704708BF1CF0400F27
:10A640000AD04FF000004FF0000170471CF0400F9F
:10A6500018BF4FF0004070471CF0100F08D020F0DA
:10A66000704300F07F4242EAD3014FEA43707047E3
:10A6700000F0604021F07F4242EA000201F07F409A
:10A6800040EA727070474FF0FF0C4CF4E06C1CEA2B
:10A6900011531CBF9CEA030C9445C2BFDA4201EB84
:10A6A00002517047002B0DD0BCF1000F0FD0002AD3
:10A6B00001F00041A4BF41F0E04141F07F614FF063
:10A6C0000000704701F000414FF00000704750EA71
:10A6D00001334FF09B0C18BF4CF0806C7FF42EAA16
:10A6E00070471CF4801F11D01CF4E02F03D06FEAD8
:10A6F000CC31490070474FF04050EFF3008222F018
:10A70000704242EA000282F3008870474FF0000076
:10A710007047000000000000000000000000000082
:10A7200000003F400000000000000000300040003A
:10A7300030004000000009000BC03D000BC03D0090
:10A74000090018C024407FE022403180000018003A
:10A7500024C01B000D803240018003801C40274034
:10A760001C80074000401000600000000000000056
:10A7700000000000000000001F802040402000007A
:10A78000402020401F8000000000090006001F80BC
:10A79000060009000000040004003F8004000400DB
:10A7A0000000001000600000000000000000040035
:10A7B0000400040004000400000000000040000049
:10A7C000000000000000002001C00600380040002A
:10A7D00000001F802040204020401F80000000001B
:10A7E00010403FC000400000000018C0214022403F
:10A7F00024401840000010802040244024401B804A
:10A80000000002000D0011003FC0014000003C802C
:10A81000244024402440238000001F802440244002
:10A820003440038000003000200027C038002000A2
:10A8300000001B802440244024401B8000001C009A
:10A8400022C0224022401F8000000000000008407B
:10A850000000000000000000000004600000000094
:10A860000000000004000A001100208040400900A0
:10A870000900090009000900000000004040208094
:10A8800011000A00040018002000234024001800D2
:10A8900000001F802040274029401F40000000404A
:10A8A00007C039000F0001C0004020403FC02440D5
:10A8B00024401B8000001F8020402040204030802A
:10A8C000000020403FC0204020401F80000020406A
:10A8D0003FC024402E4030C0000020403FC02440F4
:10A8E0002E00300000000F001080204022403380F6
:10A8F000020020403FC0040004003FC02040204030
:10A9000020403FC020402040000000602020202048
:10A910003FC02000200020403FC024400B0030C03A
:10A92000204020403FC020400040004000C03FC0C9
:10A930003C0003C03C003FC0000020403FC00C4032
:10A9400023003FC020001F802040204020401F8067
:10A95000000020403FC024402400180000001F8059
:10A960002140214020E01FA0000020403FC02440A3
:10A97000260019C0004018C02440244022403180E5
:10A980000000300020403FC0204030000000200088
:10A990003F80004000403F80200020003E0001C07A
:10A9A000070038002000380007C03C0007C038000E
:10A9B0000000204039C0060039C0204000002000BF
:10A9C000384007C0384020000000304021C02640F9
:10A9D000384020C00000000000007FE04020402000
:10A9E0000000000070000C00038000400000000028
:10A9F000402040207FE000000000000020004000D8
:10AA000020000000000000100010001000100010D6
:10AA100000100000000040000000000000000000E6
:10AA200002800540054003C0004020003FC00440B4
:10AA300004400380000000000380044004400640FE
:10AA4000000000000380044024403FC0004000009C
:10AA500003800540054003400000000004401FC083
:10AA6000244024402000000002E00550055006501C
:10AA7000042020403FC00440040003C00040000008
:10AA8000044027C000400000000000100010041027
:10AA900027E00000000020403FC00140070004C044
:10AAA0000440204020403FC000400040000007C05C
:10AAB000040007C0040003C00000044007C00440B5
:10AAC000040003C0004000000380044004400380F1
:10AAD0000000041007F00450044003800000000050
:10AAE00003800440045007F00010044007C00240F7
:10AAF000040004000000000006400540054004C0BA
:10AB00000000000004001F8004400040000004001A
:10AB100007800040044007C000400400070004C054
:10AB2000018006000400060001C0070001C0060005
:10AB30000000044006C0010006C0044000000410EC
:10AB4000071004E00180060004000000044005C076
:10AB50000640044000000000000004007BE04020AC
:10AB60000000000000000000FFF0000000000000F6
:10AB700040207BE004000000000040008000400016
:10AB80002000200040000000000000000000000045
:10AB90000000000000000000000000001FCC000CBE
:10ABA0000000000000000000080030006000080005
:10ABB000300060000000022003FC1E20022003FC85
:10ABC0001E200220000000000E1811043FFF108418
:10ABD0000C78000000000F0010840F3800C00778C8
:10ABE00018840078000000780F8410C411240E9897
:10ABF00000E4008400080800680070000000000005
:10AC000000000000000000000000000007E018182D
:10AC1000200440020000000040022004181807E051
:10AC20000000000000000240024001800FF001809F
:10AC30000240024000000080008000800FF8008089
:10AC40000080008000000001000D000E00000000E8
:10AC500000000000000000000080008000800080F4
:10AC60000080008000800000000C000C000000004C
:10AC700000000000000000000006001800600180D5
:10AC8000060018002000000007F008081004100457
:10AC9000080807F000000000080408041FFC000476
:10ACA00000040000000000000E0C101410241044DA
:10ACB00011840E0C000000000C1810041104110483
:10ACC00012880C700000000000E003200424082417
:10ACD0001FFC0024000000001F98108411041104C0
:10ACE000108810700000000007F00888110411049B
:10ACF00018880070000000001C00100010FC1300F9
:10AD00001C001000000000000E3811441084108454
:10AD100011440E38000000000700088C1044104455
:10AD2000088807F00000000000000000030C030C7E
:10AD3000000000000000000000000001010600000B
:10AD4000000000000000000000800140022004100C
:10AD50000808100400000220022002200220022025
:10AD60000220022000000000100408080410022045
:10AD700001400080000000000E001200100C106C5A
:10AD800010800F00000003E00C1813E4142417C413
:10AD9000082807D000000004003C03C41C40074002
:10ADA00000E4001C000410041FFC11041104110431
:10ADB0000E880070000003E00C181004100410044A
:10ADC00010081C10000010041FFC100410041004D4
:10ADD000080807F0000010041FFC1104110417C438
:10ADE00010040818000010041FFC1104110017C003
:10ADF00010000800000003E00C18100410041044B8
:10AE00001C780040000010041FFC108400800080AB
:10AE100010841FFC10040000100410041FFC100418
:10AE200010040000000000030001100110011FFECB
:10AE300010001000000010041FFC110403801464B3
:10AE4000181C1004000010041FFC1004000400046F
:10AE50000004000C000010041FFC1F0000FC1F0079
:10AE60001FFC1004000010041FFC0C04030000E091
:10AE700010181FFC100007F008081004100410043C
:10AE8000080807F0000010041FFC108410801080D8
:10AE900010800F00000007F0081810241024101C68
:10AEA000080A07F2000010041FFC1104110011C071
:10AEB00011300E0C000400000E1C110410841084CC
:10AEC00010441C3800001800100010041FFC10046F
:10AED00010001800000010001FF810040004000407
:10AEE00010041FF8100010001E0011E0001C00707C
:10AEF00013801C0010001FC0103C00E01F0000E089
:10AF0000103C1FC000001004180C163401C001C012
:10AF10001634180C100410001C00130400FC130459
:10AF20001C00100000000804101C1064108413049E
:10AF30001C04101800000000000000007FFE40020A
:10AF4000400240020000000030000C00038000605E
:10AF5000001C0003000000004002400240027FFE8F
:10AF60000000000000000000000020004000400041
:10AF7000400020000000000100010001000100016C
:10AF8000000100010001000040004000200000001E
:10AF9000000000000000000000980124014401446A
:10AFA000014400FC000410001FFC0088010401049F
:10AFB0000088007000000000007000880104010497
:10AFC00001040088000000000070008801040104F2
:10AFD00011081FFC0004000000F801440144014472
:10AFE000014400C800000000010401040FFC11042A
:10AFF000110411001800000000D6012901290129BF
:10B0000001C90106000010041FFC008401000100BA
:10B01000010400FC000400000104190419FC0004F0
:10B0200000040000000000000003000101011901FC
:10B0300019FE0000000010041FFC0024004001B4B1
:10B04000010C010400000000100410041FFC0004A7
:10B05000000400000000010401FC0104010001FCE7
:10B060000104010000FC010401FC00840100010056
:10B07000010400FC0004000000F8010401040104C4
:10B08000010400F80000010101FF00850104010432
:10B0900000880070000000000070008801040104B6
:10B0A000010501FF00010104010401FC0084010409
:10B0B000010001800000000000CC012401240124D3
:10B0C00001240198000000000100010007F80104BC
:10B0D000010400000000010001F800040004000465
:10B0E000010801FC0004010001800170000C001047
:10B0F00001600180010001F0010C003001C000304E
:10B10000010C01F0010000000104018C00740170C9
:10B11000018C01040000010101810171000E001881
:10B1200001600180010000000184010C0134014430
:10B130000184010C0000000000000000000001007C
:10B140003EFC400240020000000000000000FFFF43
:10B150000000000000000000400240023EFC010030
:10B16000000000000000000060008000800040003F
:10B17000400020002000404281FE00000121D21446
:10B180000814E2010000080808FF090419111197CA
:10B19000711111151900000000000000FF000000EF
:10B1A0000080600000004040404040407F404042FE
:10B1B0004140404040000106F840404040FE4040D1
:10B1C0004241FE00000000007F444444447F444468
:10B1D00044447F000000000106F880808080808069
:10B1E0008080C00000000000001F10109070101040
:10B1F00010101F000000404281FE00000121D21407
:10B200000814E2010000080808FF09041911119749
:10B210007111111519008080FE848A6418E422A23D
:10B22000A2FAA2A22200020CF72424012739082A3C
:10B230002AFF2A3E08004080FE0808FC0106F8901C
:10B2400090FC9291FE002021273A2223040817E463
:10B2500024272C340700000000FC09120418E00029
:10B26000E01804020100020242330000000000FF67
:10B270000000000000000001020CF00000000000CF
:10B28000FF0000000000014141417F414141414137
:10B290007F41414101000244A810688400007F42C0
:10B2A0004242427F000008080FF8080F0002071A08
:10B2B000E2020A060300000000FF222222222222CC
:10B2C00022FF000000000000001F113151911111F8
:10B2D000111F0000000020C000FF0082221A8272AD
:10B2E000061AE202020008080BFF090A040A32C229
:10B2F000320A040202000102040830C00000FC020D
:10B300000202020E00000002424242437E424342D9
:10B310004242020200004241FE8222A4A8B0A07F65
:10B32000B0A8A4A222000808FF080907F494979087
:10B330009794F4070000800000FF00000000FF1059
:10B340001010101000000001061FE0020CF01F1189
:10B35000111111101000106080FF80608101020245
:10B36000E40830C000002424257FC44400031C00EE
:10B37000FF0010080600020418E0007F424242422B
:10B3800042427F0000000000003F24242424444463
:10B3900044C444040400000204F80402FA12220225
:10B3A0008242A21A0200020242330000FF929293EC
:10B3B0009292FE010000003E0202020202FE020220
:10B3C0000202023F000000003E02020202FF0202EF
:10B3D00002023F000000020202FE020202FE02021E
:10B3E000020202020200004040434040407F4141CF
:10B3F000414141400000408000FF0282828282FE83
:10B40000828282820200101011131C30D01010179B
:10B41000101010101000000000FF22222222222211
:10B4200022FF000000000000001F11315191111196
:10B43000111F0000000020C000FF0082221A82724B
:10B44000061AE202020008080BFF090A040A32C2C7
:10B45000320A0402020000001A1C00000000000072
:10B4600000000000000000000000000000000000DC
:10B47000000000000000106080FF80608101020277
:10B48000E40830C000002424257FC44400031C00CD
:10B49000FF0010080600020418E0007F424242420A
:10B4A00042427F0000000000003F24242424444442
:10B4B00044C444040400008181828CF0808080FEBA
:10B4C0008181818F0000083020242424A464242456
:10B4D0002424202830000106F8000804F801028422
:10B4E000681864821F0000001F111111111010FF55
:10B4F000109050131000101810FF202000FF42423F
:10B50000FE4242FF0000131DF1171111000F080841
:10B51000FF08080F00000106F890909090FE9090B0
:10B520009291FE00000004081724E4242427242C10
:10B53000340407000000000204F80412224282FAD8
:10B540008242221202000202423300202F2929FFE8
:10B5500029292F200000020CF1012132AAA4A4A461
:10B56000AA320101010000003F2424243FA46424E6
:10B570003F2424242000000000FF22222222222235
:10B5800022FF000000000000001F11315191111135
:10B59000111F0000000020C000FF0082221A8272EA
:10B5A000061AE202020008080BFF090A040A32C266
:10B5B000320A04020200008181828CF0808080FEC9
:10B5C0008181818F0000083020242424A464242455
:10B5D0002424202830000106F8000804F801028421
:10B5E000681864821F0000001F111111111010FF54
:10B5F0001090501310008080FE848800FF92929279
:10B600009292FF000000020CF724261212FE121282
:10B6100012FE121202000000FE042921222428F04A
:10B62000282422212100024233000001794949499E
:10B63000494979010000800000FF0000000000C0BF
:10B64000300804021F000001061FE0040404FE0588
:10B650000888680808004080FE0808FC00101010E8
:10B6600010121102FC002021273A222300404F41F2
:10B6700041417F0101000000F810101010FE11116F
:10B680001111F9010F0000001F11111111FF11110B
:10B6900011111F0000000106F80202020202FE0260
:10B6A00002221A02020000007F40414141415F41F5
:10B6B000414141414000000204F8040202820212AA
:10B6C0000AF20202020002024233001012111010AC
:10B6D00010FF10101000800000FF0000FF020400A7
:10B6E00082710C021F000001061FE0003F21212192
:10B6F0007F41C14101000000FF000181A29488F454
:10B7000082828181010001061FE02027242424FF7A
:10B7100024242427200000FF48484A49FE00007ED8
:10B72000111121410700103352921252331800FEBA
:10B730001111214107000001020CF000000000007F
:10B74000FF0000000000014141417F414141414172
:10B750007F4141410100818182828488B0C0B088EC
:10B76000848282818100000008886808080F080828
:10B7700028C808000000818182828488B0C0B08817
:10B78000848282818100000008886808080F080808
:10B7900028C80800000000FF001020408804F800BE
:10B7A000000201FE0000001F8044044444455F4441
:10B7B0004444407F00001018122122FC00FE0A12AF
:10B7C0006282621A0200405F41417F01007F40486F
:10B7D000464146584000083CC808281D020C7080AD
:10B7E000020102FC0000022223222222020808FF9A
:10B7F0000808080F000044E644484848020204C80C
:10B80000302844821F00040C35C60418010909FFC2
:10B81000099252120200020CF1010202C4281028FF
:10B8200044820201010000003F24242724244444D0
:10B8300044C546000000202241FE804141526AC4B6
:10B84000444A72414000080808FF080A222AA663F9
:10B8500022262A2202001018122122FC00FE0A12BF
:10B860006282621A0200405F41417F01007F4048CE
:10B87000464146584000083CC808281D020C70800C
:10B88000020102FC0000022223222222020808FFF9
:10B890000808080F0000202241FE800001F1020C80
:10B8A000F00804F30000080808FF080900037A4ABA
:10B8B0004A4A7A030000101810E020281020408027
:10B8C000FF0000C03000040404FF040420202021F5
:10B8D00027382120200044E644484A1CE0FF90FE1F
:10B8E00090FC91FF0000040C35C60C003F24A464BA
:10B8F0002424243C00004080FE0808FC00101010A6
:10B9000010121102FC002021273A222300404F414F
:10B9100041417F01010010102F2949498F00804FBC
:10B920004929291F100001017949494979070179FD
:10B930004D4B49790100202241FE800001F1020CAB
:10B94000F00804F30000080808FF080900037A4A19
:10B950004A4A7A030000101810E020281020408086
:10B96000FF0000C03000040404FF04042020202154
:10B970002738212020000000F810101010FE1111AF
:10B980001111F9010F0000001F11111111FF111108
:10B9900011111F00000020207E820CF004C892814B
:10B9A000FE8090C8040008064031007F404F4A5A8C
:10B9B0006A4A4A4F400008102040800000FF000003
:10B9C000008040300000004040404041424F704203
:10B9D000414040400000106080FF00C10620263139
:10B9E0002D2123E806002424257FC544102949C9B8
:10B9F0004959690F000001020478040202FE222264
:10BA0000222222020200083022222222A2632222C3
:10BA100022222228300020207E80027E42427E4266
:10BA20007E42427E02000806403100007F494949BB
:10BA300049497F000000020CF1012132AAA4A4A40C
:10BA4000AA320101010000003F2424243FA4642401
:10BA50003F2424242000000204F80402028202127F
:10BA60000AF2020202000202423300101211101008
:10BA700010FF10101000007F40405E525252525290
:10BA80005E40417F0000202020202F29A96929291C
:10BA90002F20202020000000F810101010FE11119F
:10BAA0001111F9010F0000001F11111111FF1111E7
:10BAB00011111F00000020C000FF00C106F80000A7
:10BAC00000FC02021E0008080BFF0908007F40402E
:10BAD000407F0000000044E644484848020204C891
:10BAE000302844821F00040C35C60418010909FFE0
:10BAF000099252120200202241FE804141526AC442
:10BB0000444A72414000080808FF080A222AA66336
:10BB100022262A2202008080FE848800FF929292D0
:10BB20009292FF000000020CF724261212FE12125D
:10BB300012FE121202001020C000000201FE0000DE
:10BB400000000080700000000007000000FF0000FF
:10BB500000040201000010109090909090FF9090CF
:10BB6000909090101000001011121418F01710107F
:10BB7000101010100000020202FE020202FE020279
:10BB8000020202020200004040434040407F414127
:10BB900041414140000000007C40404040FF4040A7
:10BBA00048447800000004181057351515F5151590
:10BBB00035571014180000004FBB610567ACDD3F1E
:10BBC000182D4454FB21E93F9BF681D20B73EF3FC4
:10BBD000182D4454FB21F93FE2652F227F2B7A3C3C
:10BBE000075C143326A6813CBDCBF07A8807703CF5
:10BBF000075C143326A6913CC4EB98999999C9BF68
:10BC0000711623FEC671BCBF6D9A74AFF2B0B3BF9C
:10BC10009AFDDE522DDEADBF2F6C6A2C44B4A2BF5C
:10BC20000D5555555555D53FFF8300922449C23FC8
:10BC30006E204CC5CD45B73F513DD0A0660DB13FFC
:10BC4000EB0D76244B7BA93F11DA22E33AAD903F0E
:10BC5000000000000000F03F000000000000F83F7E
:10BC600000000000000000000000004003B8E23FB8
:10BC7000000000000000000006D0CF43EBFD4C3E6A
:10BC8000033333333333E33FFFAB6FDBB66DDB3F5F
:10BC90004D268F515555D53F01411DA96074D13FA7
:10BCA00065DBC9934A86CD3FEF4E454A287ECA3FA1
:10BCB0003E5555555555C53F93BDBE166CC166BF23
:10BCC0002CDE25AF6A56113FF16BD2C541BDBBBE1C
:10BCD000D0A4BE726937663E00000000000000007C
:10BCE00000004054FB21F93F3163621A61B4D03D3A
:10BCF0000000601A61B4D03D7370032E8A19A33B13
:10BD00000000002E8A19A33BC14920259A837B3964
:10BD100000000000000000006E83F9A22915444EC7
:10BD2000D15727FCC0DD34F5999562DB4190433C47
:10BD3000AB6351FE61C5BBDE3A6E24B7E0D24D4223
:10BD4000EA2E49061C92D1091CEB1DFE3EA729B123
:10BD5000F53582E88444BB2E26709CE9417E5FB4B1
:10BD600039D69139F43953838B5F849C3B28F9BDD4
:10BD7000FF97F81F0F9805DE8B112FEF1F6D0A5AE2
:10BD8000CF7E366DB709CB27663F464F2DEA5F9EC3
:10BD9000C7BA27757BF1E5EBF739073DEA92528A7E
:10BDA000B15FFB6B085D8D1F7AFE10111111C13F51
:10BDB00037D60684F464963F280356C9226D6D3F3A
:10BDC0000165F2F2D844433FA69237A0887E143F23
:10BDD000735360DBCB75F3BEFE41B31BBAA1AB3F1F
:10BDE00093846EE9E326823F1583E0FEC8DB573F6C
:10BDF00068108D1AF726303FE9A7F0320FB8123FCE
:10BE0000D47ABF74702AFB3E28BE000800000020D0
:10BE10002C020000C401000884BE00082C0200208F
:10BE2000CC5E00002002000851847A030A780901E0
:10BE3000020304060708091001135AF4156B0142A6
:10BE4000241202120312041205120612071208121B
:10BE500009120A120B120C120D120E120F021510FB
:10BE60000B1CDC0504012C29B4E9B8014C1AAA0109
:10BE7000091B805123FA435A960401560243640277
:04BE80003B1900006A
:040000050800018965
:00000001FF
